abandon,v 拋棄；遺棄 
abide,v 忍受；容忍 
ability,n 能力；才能 
able,a 能；可；會 
abnormal,a 不正常的；反常的 
abroad,ad 在國外；到國外 
aboard,ad 在（交通工具）上；上（交通工具） prep在（交通工具）上
abolish,v 廢除；廢止 
aborigine,n 土著；原住民 
abort,v 流產；夭折；（計畫等）失敗 
abound,v 富足；充滿 
about,ad 在四周；到處prep 關於；對於；在⋯⋯的周圍
above,ad 在上面；向上面prep 在⋯⋯上面；優於；勝過
above-average,a 在平均水平以上；超過平均水平 
abrupt,a 突然的；唐突的 
abruptly,ad 突然地；唐突地 
absence,n 不在，缺席 
absent,a 缺席的，不在場的 
absolute,a 純粹的；完全的 
absolutely,ad 絕對地，完全地 
absorb,v 吸收；理解 
abstract,a 抽象的；深奧的 n摘要，抽象派藝術作品
absurd,a 不合理的，荒謬的 
abundance,n 豐富；充足 
abundant,n 大量的；充足的 
abuse,n 濫用；虐待 
abusive,n 辱罵的；濫用的 
academic,a 學校的；學術的 n學者；學究
academy,n 學院；大學 
accelerate,v 加快；增長 
accent,n 口音，腔調 v強調，著重
accept,v 接受；答應 
acceptable,a 可以接受的；令人滿意的 
acceptance,n 接受；贊同 
access,n 進入；入口 v使用；接近
accessibility,n 易接近；易受影響 
accessible,a 可接近的；可進入的 
accessory,n 附件；配件a 附屬的；輔助的
accident,n 事故；災禍 
accidental,a 偶然的；意外的 
accident-prone,a 容易受傷的；容易出意外的 
acclaim,v 歡呼；喝采 
acclimatize,v 使適應新環境 
accommodate,v 使適應；使相符 
accommodation,n 適應；調節 
accompany,v 陪同，伴隨 
accomplish,v 完成，實現，達到 
accomplishment,n 成就；成績 
accord,v 使一致，調解 
according,a 相符的；和諧的 
account,n 帳目，帳單 v把⋯⋯視為
accountable,a 應負責任的；可說明的 
accountant,n 會計師；會計人員 
accounting,n 會計學；結帳 
accrue,v 積累；獲得 
accumulate,v 累積；積聚 
accumulation,n 積累；積聚 
accuracy,n 正確；準確 
accurate,a 準確的；精確的 
accuse,v 控告；譴責 
accustom,v 習慣（於） 
ache,n 疼痛 v疼痛；感到痛苦
achieve,v 完成，實現 
achievement,n 達成；完成 
acknowledge,v 承認 
acknowledgement,n 承認；確認；認可 
acquire,v 取得；獲得 
acquisitive,a 想獲得的；貪得無厭的 
acquisition,n 獲得，取得 
acre,n 英畝；地產 
across,prep 橫越，穿過；在⋯⋯那邊 ad橫過
act,v 扮演；做事；見效 n行為；行動
action,n 行動；行為 
activate,v 使活化；使活潑 
active,a 活躍的；活潑的；積極的 
activity,n 活動；行動 
actor,n 演員；行動者 
actress,n 女演員 
actual,a 實際的；事實上的 
actually,ad 實際上；真的 
acute,a 嚴重的；敏銳的 
adapt,v 使適應，使適合 
adapter,n 改編者；轉接器 
add,v 添加；增加 
addict,v 使沉溺；使醉心 
addiction,n 沉溺；成癮 
addictive,a 成癮的；上癮的 
addition,n 加；附加 
additionally,ad 附加地；同時；此外 
address,n 住址；地址 v向⋯⋯致詞；向⋯⋯發表演說
adept,n 能手；內行 
adequate,a 足夠的；適當的 
adhere,v 黏附；遵守；堅持 
adjust,v 調整；校正 
adjustment,n 調整；校正 
administrate,v 管理；支配 
administration,v 管理；經營；行政 
administrator,n 管理人；行政官員 
admirable,a 值得讚揚的；令人欽佩的 
admiration,n 欽佩；欣賞 
admire,v 欽佩；欣賞 
admit,v 承認；准許進入 
admittance,n 進入；入場許可 
adolescence,n 青春期；青少年時期 
adolescent,a 青少年的；幼稚的 n青少年
adopt,v 採取；採納 
adoption,n 採納；採用 
adorn,v 裝飾；使生色 
adult,n 成年人 a成年的；成熟的
advance,v 前進；進展 n前進；發展a先行的；預先的
advanced,a 在前面的；先進的；開明的 
advantage,n 優點；利益v 有利於；使處於優勢
adventure,n 冒險; 冒險精神
adversary,n 敵手；敵人 
adverse,a 反面的；不利的 
advertise,v 廣告；公布 
advertisement,n 廣告；宣傳 
advice,n 勸告；忠告 
advisable,a 可取的；適當的 
advise,v 勸告；忠告 
adviser,n 顧問；勸告者 
advocate,n 提倡者；辯護者；律師 
affair,n 事件；事務 
affect,v 影響；對⋯⋯發生作用 
affection,n 愛；情愛 
affirm,v 申明；堅稱；證實 
affirmative,a 肯定的；表示贊成的 
affix,v 貼上；添上；附上 
afraid,a 害怕的；恐怕；遺憾 
after,prep 在...之後 conj在...之後ad以後；之後a以後的；後部的
afternoon,n 下午；午後 
after-tax,a 稅後；淨收的 
afterward,ad 之後；以後 
again,ad 再；再一次 
against,prep 反對；違反 
age,n 年齡 v變老；成熟
agency,n 經銷處；代理機構 
agenda,n 待議諸事項；議程 
agent,n 代理商；仲介人 
aggression,n 侵略 
aggressive,a 侵略的；好鬥的 
agility,n 敏捷；靈活 
ago,ad 在⋯⋯以前 
agree,v 同意；贊同 
agreement,n 同意；協定 
agricultural,a 農業的；務農的 
ahead,ad 在前；向前；預先 
aid,v 幫助；救助 n幫助；救助
aim,v 瞄準；目的 
air-conditioner,n 冷氣機 
aircraft,n 飛機；飛艇 
airline,n 航線；航空公司 
airport,n 機場 
aisle,n 通道；走道 
alarm,n 警報；鬧鐘 v使驚慌不安；使恐懼
alert,v 使警覺；使注意 n警戒；警報a警覺的；警惕的
align,v 排成直線；使結盟 
alike,a 相同的；相像的ad 一樣地；相似地
allege,v 斷言；宣稱 
allegedly,ad 據傳說；據宣稱 
allergy,n 過敏症 
alley,n 小巷；小徑 
alliance,n 結盟；聯盟 
allocate,v 分派；分配 
allow,v 允許；准許 
allowance,n 津貼；補貼 
allure,v 引誘；誘惑 n誘惑力，魅力
almost,ad 幾乎；差不多 
along,prep 沿著；順著 ad向前；一起
already,ad 已經；先前 
alter,v 改變；修改 
alternate,a 交替的；輪流的 n代理人；代替者
alternative,a 替代的；供選擇的 n選擇；二擇一
altogether,ad 完全；全然 
amateur,a 業餘的；外行的 n業餘；外行
amaze,v 使驚奇；使驚愕 
ambiguous,a 含糊不清的；引起歧義的 
ambition,n 雄心；抱負 
amend,v 修訂；修改 
amendment,n 改正；修正；修正案 
amid,prep 在⋯之間；被⋯包圍 
among,prep 在⋯之中；在⋯中間 
amount,n 總數；總額 v共計；相當於
amplify,v 增強；擴大 
amuse,v 使歡樂；使發笑 
analyze,v 分析 
angle,n 角；角度 
animate,v 賦予生命；使有生命 
anniversary,n 週年紀念a 週年的
announce,v 宣布；發布 
announcement,n 通告；布告 
annual,a 一年一次的；每年的 
annually,ad 每年；每年一次 
anonymous,a 匿名的；姓氏不明的 
another,a 又一；再一 
answer,v 回答；答覆 n回答；答覆
antibiotic,a 抗生的；抗菌的 n抗生素；抗菌素
anxiety,n 焦慮；掛念 
anxious,a 焦慮的；掛念的 
any,a 任一；每一 prep任何一個；任何人
apart,ad 分開地；有距離地 
apologetic,a 道歉的；認錯的 
apology,n 道歉；陪罪 
apparent,a 表面的；外觀的 
apparently,ad 顯然地；表面上 
appeal,v 呼籲；懇求 
appear,v 出現；顯露 
appearance,n 出現；顯露 
appetite,n 食慾；胃口 
applaud,v 鼓掌歡迎；喝采 
appliance,n 用具；裝置 
applicant,n 申請人 
apply,v 申請；請求 
appoint,v 任命；指派 
appraise,v 估計；估量 
apprehend,v 逮捕；對⋯⋯擔慮 
apprentice,n 徒弟；見習生 
approach,v 接近；靠近 
appropriate,a 適當的；恰當的 
approval,n 批准；認可 
approve,v 同意；贊許 
approximate,a 接近的；大約的 v接近；近似
apt,a 易於⋯的；有⋯傾向的 
architect,n 建築師；設計師 
architecture,n 建築物；建築學；結構 
archive,v 把⋯存檔；把⋯收集歸檔 n檔案保管處；
area,n 地區；區域 
arena,n 圓形運動場；比賽場 
argue,v 爭論；辯論；主張 
argument,n 爭執；爭吵 
arise,v 升起；上升；產生 
around,ad 到處；周圍prep 圍繞；在⋯⋯附近
arouse,v 喚起；激動；使奮發 
arrange,v 整理；安排；籌備 
arrest,v 逮捕；拘留 
arrival,v 到達；到來 
arrive,v 到達；到來 
articulate,v 清楚地講話；清晰地發音；明確有力地 
artificial,a 人工的；人造的 
ascend,v 登高；上升 
assemble,v 集合；召集 
assert,v 斷言；聲稱 
assess,v 對⋯⋯進行估價；評價 
assign,v 分配；分派 
assignment,n 任務；工作 
assimilate,v 被吸收；被消化 
assist,v 幫助；協助 
assistance,n 援助；幫助 
associate,n 夥伴；同事a 夥伴的；共事的
association,n 協會；公會；聯盟 
assume,v 以為；假定為 
assurance,n 保證 
assure,v 向⋯⋯保證；擔保 
astonish,v 使吃驚；使驚訝 
at,prep 在⋯地點；在⋯時刻 
ATM,n 自動存提款機 
attach,v 附屬；附加 
attachment,n 附屬物；附件 
attain,v 達到；獲得 n成就，造詣
attempt,n 企圖；嘗試 v試圖；企圖
attend,v 出席；參加 
attendance,n 到場；出席 
attention,n 注意力；專心 
attest,v 證實；證明 
attorney,n 律師 
attract,v 吸引；引起 
attribute,v 把⋯歸因於；把⋯歸咎於 
auction,n 拍賣 v拍賣
audience,n 聽眾；觀眾 
audit,v 審計；查帳 n審計；查帳
auditory,a 耳朵的；聽覺的 n聽眾；禮堂
author,n 作者；作家 
automatic,a 自動的；習慣性的 
available,a 可用的；可利用的 
avenue,n 大街；大道 
average,n 平均；中等 a普通的；中等的v平均分
avert,v 避開；移開 
avoid,v 避開；躲開 
avoidance,n 逃避；迴避 
await,v 等候；期待 
awareness,n 察覺；覺悟 
bachelor,n 單身漢；學士 
back,n 背部；後部 v倒退；後退ad向後；後退
backache,n 背痛；腰痛 
backbone,n 脊骨；脊柱 
backbreaking,a 非常辛勞的 
backfire,n 引擎的逆火 v事與願違
background,n 背景；遠因 
backlash,n 反衝；強烈反對；後座力 
backlog,n 存貨；儲備金 
backpack,n 登山、遠足用的背包 
back-to-back,Ph 背靠背 
backup,n 備用；備用物a 備用的v備份
backward,a 向後的；反向的 ad向後；倒
backyard,n 後院 
bacteria,n 細菌 
bad,a 壞的；不好的 ad很；非常
badge,n 徽章；紀念章 
badly,ad 壞地；拙劣地 
bad-tempered,a 情緒惡劣的；易怒的 
baffle,v 使受挫折；阻撓n 困惑；障礙
baffling,a 令人困惑的；難對付的 
bag,n 袋；提袋 
baggage,n 行李 
bail,v 保釋 n保釋；保釋金
bailout,n 跳傘；緊急（財政）援助 
bait,n 餌；引誘物 v引誘；誘惑
bake,v 烘；烤；烘培 
baker,n 麵包師：糕點師 
bakery,n 麵包店；糕點店 
balance,n 平衡；均衡 v使平衡
balcony,n 陽臺；露臺 
bald,a 禿頭的；赤裸裸的 
ball(party),n 舞會 
ballroom,n 跳舞的大廳 
ban,n 禁止；禁令 v禁止；取締
band,n 帶；細繩；樂團 
banish,v 流放；放逐 
bank,n 銀行；堤；岸 
bankbook,n 銀行存摺 
bankcard,n 銀行信用卡 
banker,n 銀行家 
banking,n 銀行業務；銀行業 
bankrupt,a 破產的 v使破產n破產者
bankruptcy,n 破產；倒閉 
banner,n 旗幟；橫幅 
banquet,n 宴會；盛宴 v宴請
bar,n 棒；條；酒吧 
bar code,n 條碼 
barbecue,n 烤肉；燒烤v 烤肉；燒烤
bare,a 裸的；光禿禿的 v使赤裸；露出
barely,ad 僅僅；勉強 
bareness,n 赤裸；無遮蓋 
bargain,n 協議；買賣 v討價還價
barren,a 不生育的；貧脊的 n瘠地；荒漠
barrier,n 障礙物；路障 
bas,n 基；底；基部 n基本的；基礎的
baseline,n 基線；底線 
basement,n 地下室；地下層 
basic,n 基礎的；基本的n 基礎；基本原理
basically,ad 在根本上 
basis,n 基礎；根據 
basket,n 籃；簍；筐 
bat,n 球棒；球拍 v打；揮打
batch,n 一批生產量；一批 
bath,n 浴缸；洗澡 
bathe,v 浸入；浸洗 
bathroom,n 浴室；化妝室 
battery,n 電池；蓄電池 
battle,v 搏鬥；奮爭 n戰鬥；戰役
bay,n 灣 
be,v 是；等於 aux正在⋯；在⋯
beach,n 海灘；海濱度假地 
bearable,a 能耐的；忍得住的 
bearer,n 持有人；挑夫；搬運工 
bearing,n 舉止；體態；忍耐；忍受 
beat,v 打；擊；敲 n敲打；敲擊聲a筋疲力盡的；垂
beaten,a 挨打的；被打敗的；筋疲力盡的 
beautiful,a 漂亮的；出色的 
beautify,v 使更加美麗；美化 
beauty,n 美麗；美的事物 
because,conj 因為 
become,v 變成；成為 
becoming,a 合適的；適宜的 n形成；發生
bed,n 床；睡眠處 v睡；臥
bed and breakfast,ph 夜宿兼次日早餐 
bedside,n 床邊；床側 a床旁的；臨床的
bedtime,n 就寢時間 a適於睡前的
begin,v 開始；著手 
beginner,n 初學者；新手 
beginning,n 開始；起始 
behalf,n 代表；利益 
behave,v 表現；行為舉止 
behavior,n 行為；舉止 
behavioral,a 行為的 
behind,ad 在背後 prep在⋯⋯的後面n背後
beholder,n 觀看者；旁觀者 
beige,a 米色的 n米黃色
being,n 存在；生存 
belated,a 誤期的；過時的 
belief,n 相信；信任 
believe,v 相信；信任 
believer,n 信徒；信教者 
bell,n 鐘；鈴 v鳴鐘
belly,n 腹；腹部 v鼓起；脹滿
belong,v 屬於；合適 
belongings,n 財產；攜帶物品 
beloved,a 心愛的；親愛的 
below,ad 在下面；到下面prep 在⋯下面
belt,n 腰帶；皮帶 v用皮帶抽打；用帶捆住
bench,n 長凳；長椅 
benchmark,n 水準點；基準 
bend,v 彎曲；轉彎 n彎曲；轉彎處
beneath,ad 在下；向下prep 在⋯之下；向⋯下面
benefactor,n 捐助人；施主 
beneficial,a 有益的；有利的 
benefit,v 得益；受惠 n利益；好處
benignl,a 仁慈的；親切的 
bent,a 彎曲的；決心的n 愛好；傾向
beside,prep 在⋯旁；在旁邊 
besides,ad 此外；而且prep 在⋯之外
bet,n 打賭 v打賭
betray,v 背叛；出賣 
betrayal,n 背叛；密告 
better,a 較佳的；更好的v 改善；改進
between,ad 在中間；兩者之間 prep在⋯之間
beverage,n 飲料 
beware,v 注意；提防 
beyond,adv 在更遠處；往更遠處 prep向⋯的那一
bias,n 成見；偏心 
bicycle,n 腳踏車；自行車 
bid,v 命令；吩咐；出價 
bidder,n 出價人；投標人 
bilingual,a 雙語的 
bill,n 帳單；票據；議案 
billboard,n 廣告牌 
billion,n 十億 
bin,n 箱子；容器 
bind,v 捆；綁 
binding,n 裝訂；封皮 a黏合的；有約束力的
biological,a 生物的；生物學的 
biology,n 生物學 
birth,n 出生；誕生 
birthday,n 生日 
bit,n 小片；小塊；位元 
bite,v 咬；啃 
bitter,a 苦的；痛苦的 
bizarre,a 奇異的；不尋常的；奇怪的 
blame,v 責備；指責 
bland,a 溫和的；淡而無味的 
blank,a 空的；無內容的n 空白；空白處v使模糊；
blanket,n 毛毯；毯子 
bleak,a 荒涼的；無遮蔽的 
bleed,v 出血；流血 
blend,v 使混雜；使交融n 混雜；交融
blender,n 攪拌機；混合器 
blind,a 盲的；視而不見的；不願承認的 
block,n 街區；障礙 v阻塞；堵住；封鎖
blockage,n 封鎖；妨礙 
blood,n 血；血液 
bloom,n 開花；開花期 v繁榮；興盛
blossom,n 開花；開花期v 開花；生長茂盛
blow,v 吹；吹奏 
blunder,v 犯大錯；出漏子 n大錯
blur,v 使模糊不清；使朦朧 n模糊
board,n 木板；委員會；理事會 
boardroom,n 會議室 
boast,v 自吹自擂；誇耀 
boat,n 小船 
body,n 身體；肉體 
boil,v 沸騰；烹煮 
bold,a 無畏的；大膽的 
bomb,n 炸彈；失敗 v轟炸；轟擊
bombard,v 砲擊；轟炸 
bond,n 聯結；聯繫 
bone,n 骨；骨頭 
bonus,n 紅利；獎金 
book,n 書；書籍 
booklet,n 小冊子 
bookshelf,n 書架；書櫃 
bookstore,n 書店 
boom,n 激增；繁榮 v迅速發展；興旺
boost,v 推動；幫助 n推動；促進
boot,n 靴子 
booth,n 攤販；小隔間 
border,n 邊緣；邊境 v毗鄰，接界
borderline,n 邊界；界線 
boring,a 令人生厭的；乏味的 
borrow,v 借用；借 
boss,n 老闆；上司 
bother,v 煩擾；打攪 
bothersome,a 令人討厭的；麻煩的 
bottle,n 瓶子 
bottom,n 底部；下端 
boulevard,n 大道 
bounce,v 彈起；彈回 
bound,v 跳躍；跳起 
boundary,n 邊界；分界線 
bow,n 弓 
bowl,n 保齡球 v投：滾
box,n 箱；盒；匣 
box office,n 售票處；票房 
boycott,v 杯葛；聯合抵制 n杯葛；聯合抵制
brace,n 支柱；支撐物 v支撐；加固
bracket,n 托架；撐架 
brain,n 智力，頭腦 
brainstorm,v 集體研討；集思廣益 
brake,v 煞車 n煞車
branch,n 樹枝；支流；分部；部門 
brand,n 品牌；商標 
brand-new,a 全新的；嶄新的 
brave,a 勇敢的：英勇的 
bravely,ad 勇敢地：英勇地 
bravo,n 喝采聲 
breach,n 破壞，違反 v破壞，違反
bread,n 麵包 
breadth,n 寬度；幅度 
break,v 打破；折斷 n破損；休息；機會
breakable,a 會破的；脆的 
breakdown,n 故障；損壞 
breakfast,n 早餐 
breakout,n 包圍突破 
breakthrough,n 突破性進展；突破 
breakup,n 中斷；中止 
breathe,v 呼吸；呼氣 
breathless,a 呼吸困難的；扣人心弦的 
breathtaking,a 驚人的；令人屏息的 
breeze,n 微風；和風 
brick,n 磚；磚塊 
bride,n 新娘 
bridge,n 橋：橋墩 
brief,a 簡短的；短暫的 
briefcase,n 公事包 
briefly,a 簡短地；短暫地 
bright,a 發亮的；晴朗的 
brighten,v 使明亮；使閃亮 
brilliant,a 光輝的；明亮的 
brisk,a 活潑的；生氣勃勃的 
brittle,a 易碎的；敏感的；難相處的 
broadcast,v 廣播；播送 
brochure,n 小冊子 
broker,n 代理人，中間人 
brokered,v 以中間人等身分安排⋯⋯ 
browse,v 瀏覽；觀看 
browser,n 瀏覽器 
bruise,n 傷痕；青腫 v使受瘀傷，使青腫
brush,v 刷；刷洗 n刷子
brush-off,n 拒絕；不理睬 
bruta,a 冷酷的；野蠻的 
brutally,ad 冷酷地；野蠻地 
bubble,n 泡泡 v沸騰；冒泡
bucket,n 水桶；提桶 
buckle,n 釦子；搭鉤 v扣住；扣緊
budge,v 微微移動；讓步 
budget,n 預算；經費 
build,v 建造；建立 n體格；體型
building,n 建築物；大樓 
bulk,n 體積；容積 a大量的；大批的
business,n 商業；職業 
businessman,n 商人 
busy,a 忙碌的 
button,n 鈕扣；按鈕 
buy,v 買；購買 
buyer,n 買主；買家C 
cab,n 計程車 
cabin,n 客艙；駕駛艙 
cabine,n 櫥；櫃 
cable,n 纜；索 
café,n 咖啡廳 
cafeteria,n 自助餐廳 
caffeine,n 咖啡因 
calcium,n 鈣 
calculate,v 計算；算 
calculation,n 計算；估計 
calculator,n 計算機 
calendar,n 日曆 
caliber,n 口徑；水準，程度 
call,v 叫喊；呼叫 n呼叫；通話
caller,n 訪問者；探望者 
calling,n 呼喊；召喚 
calm,a 鎮靜的；沉著的 v使鎮定；使平靜
camera,n 照相機 
camp,n 營地；帳篷 v紮營；宿營
campaign,n 競選；活動 
campus,n 校園；校區 
cancel,v 取消；廢除；中止 
cancellation,n 取消 
candid,a 公正的，公平的 
candidate,n 候選人；候補者 
capability,n 能力；才能 
capable,a 有能力的；能幹的 
capacity,n 容量；容積 
capital,n 首都；資本 
capitalization,n 資本化；資本額 
capitalize,v 利用；供給（資本） 
capture,v 捕獲；俘虜 n捕獲；俘虜
care,v 在乎：關心 
career,n 職業；工作 
careful,a 小心翼翼的；仔細的 
carefully,ad 小心翼翼地；仔細地 
cargo,n 貨物 
carpet,n 地毯 
carrier,n 運送人；搬運人 
carry,v 運載；搬運；支撐 
carry,out Ph 實行；執行
cart,n 小車，手推車 
carton,n 紙盒；紙板箱 
case,n 盒；套 
cash,n 現金；現款 v把⋯⋯兌現
cast,v 投；擲；拋 n投；班底；演員
catalog,n 目錄；目錄冊 
categorize,v 將⋯分類 
category,n 種類；部屬；類目 
cater,v 提供飲食；承辦宴席 
catering,n 承辦酒席；提供飲食及服務 
cause,n 原因；起因 v導致；使發生
caution,n 小心；謹慎 
cautious,a 十分小心的；謹慎的 
central,a 中心的；中央的 
century,n 世紀；一百年 
ceremony,n 儀式；典禮 
certain,a 確鑿的；無疑的 
certainly,ad 無疑地；必定 
certificate,n 證明書；執照 
certify,v 證明，證實 
chain,n 鏈條；連鎖；連續 
challenge,v 挑戰；提出異議 
change,v 改變；更改 n變化；變更；零錢
changeable,a 易變的；不定的 
chapter,n 篇章；篇 
character,n 角色；性格；特性 
characteristic,a 特有的；獨特的 
characterize,v 具有⋯⋯的特徵；以⋯⋯為特徵 
charge,v 控告；索價 
chart,n 圖表；曲線圖 
check,n （美）檢查；支票；帳單 
chef,n 廚師 
cheque,n （英）支票 
choice,n 選擇；挑選 
choose,v 選擇；挑選 
chore,n 例行工作；家務活 
circle,n 圓形的東西；圈v 畫圓圈；圈出；圍著
circumspect,a 慎重的；謹慎小心的 
circumstance,n 情況；環境；情勢 
circumvent,v 規避；防止⋯⋯發生 
citation,n 引用；引證 
citizen,n 市民；居民 
citizenship,n 公民權；公民身分 
city,n 城市；都市 
civic,a 城市的；市民的 
claim,v 主張；斷言；聲稱 
clarify,v 澄清；闡明 
clause,n 條款；款 
clear,a 明亮的；顯然的v 清除；收拾
clearance,n 清除；清掃 
clearly,ad 顯然地；無疑地；明亮地 
clerk,n 辦事員；職員 
client,n 委託人；客戶 
climate,n 氣候 
climb,v 爬；攀爬 
clip,v 剪；修剪 n剪；修剪
clock,n 時鐘 
coach,n 教練 v訓練；指導
cognition,n 認知；知識 
coherent,a 一致的；協調的 
cohesive,a 凝聚性的；有結合力的 
coin,n 硬幣 
coincidence,n 巧合；符合 
collaborate,v 合作；勾結 
collaboration,v 合作；勾結 
collateral,a 並行的；附屬的 n擔保品；抵押品
colleague,n 同事；同僚 
collect,v 收集；採集 
collectible,a 可收集的 
collection,n 採集；收取 
college,n 大學；學院 
collide,v 碰撞；相撞 
combination,n 結合；聯合 
combine,v 結合；聯合 
come,v 來；來到 
come across,Ph 碰見；被理解 
comfort,v 安慰；慰問 n安逸；舒適
comfortable,a 舒適的；舒服的 
comforting,a 令人欣慰的 
command,v 指揮；控制 
comment,n 註釋；評論v 下評論
commentary,n 評論 
commerce,n 商業；貿易 
commercial,a 商業的；商務的 n廣告
commission,n 佣金；委任 v委任；委託
commit,v 犯（罪）；做（錯事等） 
commitment,n 託付；交託 
committed,a 忠誠的，堅定的 
commodity,n 商品；日用品 
common,a 普通的；常見的 
communication,n 溝通；交流 
commute,v 通勤；替代；代償 
commuter,n 通勤者 
company,n 陪伴；公司 
comparatively,ad 對比地；比較地 
compare,v 比較；對照 
comparison,n 比較；對照 
compatible,a 能共處的；可並立的 
compel,v 強迫；強求 
compensate,v 補償；賠償 
compensation,n 補償；賠償 
compete,v 對抗；競爭 
competent,a 有能力的；能勝任的 
competition,n 比賽；競賽 
competitive,a 競爭性的；好競爭的 
competitor,n 競爭者；對手 
complain,v 抱怨 
complaint,n 抱怨 
complete,v 競爭；比賽 
completion,n 完成；結束 
complex,a 複雜的；錯綜複雜的 n複合物；綜合體
compliant,a 順從的；應允的 
complicate,v 使複雜化；使費解 
complicated,a 複雜的；難懂的 
compliment,n 稱讚：讚美 v稱讚：讚美
comply,v 依從；順從 
component,n 構成要素；零件 a組成的；構成的
compose,v 作（詩，曲等）；使安定 
composition,n 寫作；作曲 
composure,n 平靜；鎮靜 
comprehend,v 理解；了解 
comprehensive,a 廣泛的；無所不包的 
comprise,v 包含；包括 
compromise,v 妥協；和解 n妥協；和解
compute,v 計算；估算 
conceal,v 隱藏；隱瞞 
conceive,v 想像；設想 
concentrate,v 集中；聚集；全神貫注 
concept,n 概念；觀念 
concern,v 關於；涉及 n關心的事；關係
concerning,prep 關於 
conclude,v 結束；推斷出 
conclusion,n 結論 
concrete,a 有形的；實在的 n混凝土v凝結；固結
concur,v 同意；一致 
condition,n 情況；狀況 
conduct,v 帶領；實施 
conference,n 會議 
confident,a 有自信的；確信的 
confidential,a 祕密的；機密的 
confirm,v 證實；確定 
confirmation,n 確定；確證 
confuse,v 使困惑；混淆 
confusion,n 混亂；騷動 
conscious,a 神志清醒的；有知覺的 
consciously,ad 有意識地；自覺地 
consciousness,n 意念；意識 
consecutive,a 連續不斷的；連貫的 
consequently,ad 結果；因此；必然地 
conservative,a 保守的；守舊的 n保守者；守舊者
conserve,v 保存；保護 
consider,v 考慮；細想 
consideration,n 體貼；動機；原因 
considering,prep 就⋯⋯而論；考慮到 ad各方面
consist,v 組成；構成 
consistency,n 一致；一貫 
consistent,a 始終如一的；前後一致的 
consistently,ad 一貫地；固守地 
constant,a 固定的；不變的 
constrain,v 強迫；迫使 
constraint,n 約束；限制 
construction,n 建造；建設 
consultancy,n 諮詢公司；顧問公司 
consultant,n 顧問；諮詢者 
consume,v 消耗；花費 
consumer,n 消費者 
consumption,n 消費 
contact,n 接觸；交往；聯繫 a接觸的；接觸傳染
contain,v 包含；容納 
contemporary,a 當代的；同時代的 
content,n 滿足 a滿足的；滿意的v滿足
contest,v 競爭；角逐 n比賽
context,n 來龍去脈；背景 
continue,v 繼續；持續 
continuity,n 連續性；持續性 
continuous,a 連續的；不斷的 
contract,n 合約 v締結；承包
contractor,n 立契約者；承包人 
contrary,a 相反的；對立的 ad相反地；反對地
control,v 控制；支配 n支配；控制
controlling,a 管理的；控制的 
convenience,n 便利；方便 
convenient,a 便利的：方便的 
convention,n 會議；大會；集合 
conventional,a 習慣的；慣例的 
conversation,n 會話；對話 
convey,v 告知；傳達 
conviction,n 定罪；確信 
convince,v 說服 
cooperation,n 合作；協力 
coordinate,v 協調；調節 
cope,v 應付；處理 
copy,v 抄寫；複製 n抄寫；副本
cordially,ad 熱誠地；誠摯地 
corner,n 角落 
corporate,a 全體的；共同的 n企業；集團
correct,a 正確的；對的v 改正；糾正
corrupt,a 腐敗的，貪汙的 v墮落；腐化
corruption,n 墮落；腐化 
cost,v 花費；付出 n費用；成本
council,n 會議；議事 
counsel,n 商議；審議 v勸告；忠告
counter,ad 反方向地，相反地 a相反的v反對；反
couple,n 情侶；夫妻 
coupon,n 贈券；減價優待券 
courier,n 信差；導遊；情報員 
course,n 路線；方向；課程；系列 
court,n 法庭；法院 
courteously,ad 有禮貌地；親切地 
courtesy,n 禮貌；殷勤 
cover,v 遮蓋；覆蓋 n遮蓋物；封面
coverage,n 覆蓋；覆蓋範圍 
crack,n 裂縫；裂痕 v裂開；爆裂
craft,n 工藝，手藝 v精巧地製作
crafted,a 製作的；工藝的 
crane,n 鶴 v伸著脖子看
crash,v 碰撞；倒下 n墜毀，迫降
create,v 創造；製作 
creation,n 作品；製作物 
creative,a 有創意的：創新的 
creativity,n 創意；創造力 
creature,n 生物；動物 
credential,n 憑據；證書 
credible,a 可信的；可靠的 
credit,n 賒帳；信譽；功勞 v相信；把⋯⋯歸於
creditor,n 債權人；貸方 
crew,n 工作人員；船員 
crime,n 犯罪；罪刑 
criminal,n 罪犯 a犯罪的；犯法的
crisis,n 困難；危及 
criterion,n 標準；準則 
critic,n 評論家 
critical,a 批判的；評論的 
criticize,v 批判；評論 
crop,n 作物：莊稼 v播種
cross,v 橫穿；渡過 n十字形；十字架
crowd,n 群眾；觀眾 
crowded,a 擁擠的；滿的 
crucial,a 重要的；嚴酷的 
cruise,v 巡航；航遊 n巡航；航遊
cuisine,n 烹飪；烹調法；菜餚 
cupboard,n 食櫥；碗櫃 
cure,n 治療；痊癒 v治癒
curious,a 好奇的 
currency,n 通貨；貨幣 
current,a 現時的；當前的 n流動；水流
cushion,n 墊子；坐墊 
custom,n 習俗；慣例 a訂做的；訂製的
customer,n 顧客；買主 
customize,v 訂做；客製化 
customs,n 關稅；海關 
cutback,n 減少；剪修新芽 
cycle,n 週期；循環 v循環；輪轉
daily,a 每日的；日常的 
damage,n 損害；損失 v損害；毀壞
danger,n 危急；危險 
dangerous,a 危險的 
dare,aux 敢；竟敢 v敢；膽敢n果敢行為；挑戰
daring,a 大膽的；勇敢的 
data,n 資料；數據 
database,n 資料庫 
dawn,n 黎明，拂曉 v破曉；（天）剛亮
day,n 一天；日；白天 
daylight,n 日光；白晝 
date,n 日期；日子 v註有日期
daytime,n 白天；白晝 
dazzle,v 使目眩；使眼花n 耀眼；燦爛
deadline,n 截止期限；最後限期 
deal,v 經營；交易 n交易
dealer,n 業者；商人 
dealing,n 行為；商業往來 
dean,n 教務長；學院院長 
dear,a 親愛的；摯愛的 
debatable,a 可爭辯的；可爭論的 
debate,v 辯論；爭論 n辯論
debit,v 借方 n把⋯⋯記入借方
debt,n 債務；借款 
debut,n 首次露面；初次登臺 
decade,n 十；十年 
decease,v 亡故 n死亡
deceit,n 欺騙；欺詐 
deceitful,a 騙人的；欺詐的 
deceive,v 欺騙；蒙蔽 
decelerate,v 減緩；降低速度 
deceleration,n 減速 
decent,a 正派的；合乎禮儀的 
decide,v 決定；決意 
decipher,v 破解（密碼等）；解釋（古代文字等） 
decision,n 決心；判斷 
decisive,a 決定性的；決定的 
deck,n 艙面；甲板 
declaration,n 宣告；宣言 
declare,v 宣告；聲明 
decline,v 下降；下跌 n下降；減少
decode,v 譯解（密碼） 
decrease,v 減；減少 
dedicate,v 奉獻；獻身 
dedication,n 奉獻；供奉 
deduce,v 演繹；推論 
deduct,v 扣除；減除 
deduction,n 扣除；減除 
deem,v 認為；以為 
deep,a 深的 ad深深地n深處
deepen,v 使變深；使加深；使強烈 
default,n 違約；拖欠；預設 v不履行；拖欠
defeat,v 戰勝；擊敗 n戰敗；挫折
defect,n 缺點；缺陷 v逃跑；脫離
defend,v 防衛；保護 
defense,n 防衛；保護 
defensive,a 防衛的；保衛的 
deficiency,n 不足；缺乏 
definite,a 明確的；確切的 
deflate,v 抽出⋯⋯中的氣 
deflect,v 使偏斜；使轉向 
defy,v 公然反抗；蔑視 
degree,n 度，度數；程度 
delay,v 拖延；耽擱 n延遲；耽擱
delegate,v 委派⋯⋯為代表；委派（某人）做 
deliberate,a 深思熟慮的；慎重的 v仔細考慮；
deliberately,ad 慎重地；謹慎地 
delicacy,n 精美；佳餚 
delicate,a 易碎的；嬌貴的；纖弱的 
delicious,a 美味的；香噴噴的 
delight,n 欣喜；愉快 v高興；喜愛
deliver,v 投遞；傳送 
delivery,n 投遞；傳送 
delusion,n 迷惑；欺騙 
demand,v 要求，請求 n要求；請求
demise,n 死亡；終止 v轉讓；遺贈
demographics,n 人口統計資料 
demolish,v 毀壞；破壞 
demonstrate,v 論證；證明；示威 
demonstration,n 論證；證明 
denial,n 否認；否定 
dense,a 密集的，稠密的 
density,n 密集度；稠密度 
deny,v 否定，否認 
depart,v 起程，出發 
department,n 部；司；局；處；科 
departmental,a 部門的；分部的 
departure,n 離開；出發 
depend,v 相信；信賴 
dependency,n 依靠；信賴 
dependent,a 依靠的；依賴的 
depict,v 描述；描寫 
deposit,v 放置；寄存 n存款
depression,n 沮喪；意氣消沉 
describe,v 描繪；敘述 
description,n 敘述；形容 
deserve,v 應受；該得 
design,v 設計構思；繪製n 圖樣；圖紙
despite,prep 不管；儘管n 惡意；怨恨
destination,n 目的地；終點 
destroy,v 毀壞；破壞 
destruction,v 毀壞；破壞 
detail,n 細節；詳情 v詳述；詳細說明
detailed,a 詳細的；精細的 
detect,v 探測；察覺 
determine,v 決定；下決心 
develop,v 開發：發展 
developer,n 開發者 
development,n 進化；發展 
device,n 設備；機器 
devise,n v 設計；發明
dial,v 撥打；撥 
diary,n 日記；日誌 
dictate,v 口授；口述 
diet,n 飲食；食物 v節食
dietician,n 營養學家 
difference,n 差別；差異 
different,a 不同的；有差異的 
difficult,a 困難的；艱難的 
difficulty,n 困難；困境 
digital,a 數位的 
dignity,n 尊嚴；自尊 
diligent,a 勤勉的，勤奮的 
direct,v 指向；針對 a徑直的；筆直的
directly,ad 直接地；筆直地 
director,n 導演；主管；署長 
directory,n 工商名錄；號碼簿 a指導的；諮詢的
disagree,v 不一致；不符 
disappear,v 消失；離開 
discard,v 拋棄；摒棄 
discern,v 分辨；識別 
discipline,n 紀律；風紀 
disclaimer,v 放棄；拒絕 
discount,n 折扣 v打折扣
discourage,v 使洩氣；使沮喪 
discouraged,a 灰心的；沮喪的 
discouragement,n 沮喪；氣餒 
discover,v 發現；探索 
discuss,v 討論；交流 
discussion,n 討論；交流 
disease,n 病，疾病 v使生病；使不健全
disembark,v 登陸；上岸 
dismal,a 憂鬱的；沉悶的n 沮喪；抑鬱
dismiss,v 讓⋯離開；把⋯打發走 
dispense,v 分配，分發v 免除；省掉
display,v 陳列；展出 n展覽；陳列
disposal,n 處理；處置 
dispose,n 配置，布置 
dispute,v 爭論；爭執 n爭論；爭執
disrupt,v 使分裂；使瓦解a 破裂的；中斷的
dissipate,v 使消散；消除 
distinctive,a 有特色的；特殊的 
distinguish,v 區別；識別 
distract,v 轉移；分散 
distributor,n 分配者；批發商 
disturb,v 打擾 
diverse,a 不同的；多元的 
diversification,n 多樣化 
diversity,n 差異；不同點 
divert,v 轉向；轉移 
divide,v 分；劃分 n分歧；不和
division,n 分開；分割 
doctor,n 醫生 
document,n 公文；文件 
documentation,n 文件；憑證 
domestic,a 家庭的；國內的 
dominate,v 支配；統治 
donate,v 捐獻；捐款 
donation,n 捐獻；捐款 
dot,n 點，小圓點 v打點；加點
dotted,a 有點子的；星羅棋布的 
doubt,v 懷疑；揣測 
download,v 下載 
downsize,v 裁減 
downsizing,n 縮減開支 
downtown,n 商業區，鬧區 
downward,a 向下的；下降的 ad向下；日趨沒
draft,n 草稿；手稿 
drama,n 戲劇；劇本 
drastic,a 激烈的；猛烈的 
drastically,ad 大大地；徹底地 
draw,v 繪製；描寫；拉n 平局；抽籤
drawer,n 抽屜 
dress code,n 穿衣法則；著裝標準 
drift,v 漂流；漂 
drive,v 駕駛；開車 
drug,n 藥物；藥 
due,a 應支付的；到期的n 應付款；稅金
duplicate,n 複製品；副本 a完全一樣的；複製
durable,a 經久的，耐用的；持久的 
duration,n 持久；持續期間 
during,prep 在⋯的整個期間 
duty,n 職務；勤務 
dynamic,a 動力的；充滿活力的 
each,pron 各個；每個 a各；每
eager,a 熱心的；熱切的 
earn,v 掙得；博得 
earnings,n 收入；薪資 
ease,v 減輕，緩和 n舒適；悠閒
east,n 東方；東 
easy,a 簡單的；輕易的 
eco-friendly,a 對環境友善的 
economical,a 經濟的；節儉的 
economize,v 節約；節省 
economy,n 節約；經濟a 廉價的；經濟的
edge,n 稜；邊緣 v使漸進；徐徐地移動
edit,v 編輯；校訂 
editor,n 編輯 
editorial,n 社論 a編輯的
education,n 教育 
effect,v 造成；產生 n效果；效力
effective,a 有效的；生效的 
efficiencyn,n 效率；效能；功效 
efficient,a 效率高的；有能力的 
effort,n 努力；盡力 
either,a 任一的 pron（兩者之中）任何一個
eject,v 逐出；轟出 
elaborate,v 精心製作；詳盡闡述 
elder,a 年長的 
elect,v 選舉；推選 
election,n 選舉；推選 
electric,a 電的；導電的 
electrician,n 電工；電氣技師 
electricity,n 電力 
electronic,a 電子的；電子操縱的 
elegance,n 優雅 
elegant,a 優雅的 
element,n 元素；構成 
elemental,a 基本的；原始的 
elementary,a 基本的；初級的 
elevate,v 舉起；抬起 
elevation,n 提高；提升 
elevator,n 電梯 
eligible,a 有資格當選的；法律上合格的 
eliminate,v 排除；消滅 
elimination,n 排除；消滅 
elite,n 精華；菁英 
else,ad 其他；另外 
elsewhere,ad 在別處；往別處 
embark,v 從事；著手 
embrace,v 擁抱；包括 
emerge,v 浮現；出現 
emergency,n 緊急情況；突然事件 
emit,v 散發；放射 
emotion,n 情感；情緒 
empathy,n 同感 
emphasis,v 強調；重視 
emphasize,v 強調；重視 
employ,v 僱用；使用 
employee,n 員工 
employer,n 雇主 
employment,n 僱用；受僱 
emulate,v 同⋯競爭；盡力趕上 
enable,v 使能夠；賦予⋯能力 
enclose,v 圍住；圈起 
enclosure,n 圍住；封入 
encounter,n 遭遇；衝突v 遭遇；遇到
encourage,v 鼓勵；鼓舞 
encouragement,n 鼓勵；鼓舞 
endanger,v 危及；使遭到危險 
endeavor,v 努力；力圖n 努力；盡力
endorsement,n 背書；贊同 
endure,v 忍耐；忍受 
energetic,a 精力旺盛的；- 精神飽滿的
energy,n 活力；幹勁 
enforce,v 實施；執行 
engage,v 吸引；佔用 
engagement,n 訂婚；婚約 
engine,n 引擎 
engineer,n 工程師 
enhance,v 提高；升高 
enlarge,v 擴大；擴展 
enlargement,n 擴大；擴展 
enlist,v 從軍；入伍 
enrich,v 使富裕；使豐富 
enrichment,n 致富；豐富 
enroll,v 記入名冊；被登記 
ensure,v 保證；擔保 
enterprise,n 企業；公司 
entertain,v 娛樂；款待 
entertainer,n 請客者；表演者 
entertainment,n 演藝；餘興 
enthusiasm,n 熱忱 
enthusiastic,a 熱忱的；熱血的 
entire,a 全部的；整個的n 全部；整體
entirel,ad 全部地；整個地 
entitle,v 給⋯權力（或資格） 
entitled,a 給予權利；使有資格 
entrance,n 入口；門口 
entrust,v 信託；委託 
entry,n 入場；參加 
environment,n 環境 
environmental,n 環境的 
envision,v 想像；展望 
equal,v 平等的；均等的 
equality,n 平等；相等 
equip,v 裝備；配備 
equipment,n 裝備；配備 
equity,n 公平；公正 
equivalent,a 相等的；相同的 
error,n 錯誤；失誤 
escort,v 護送；陪同 n護衛隊；護航隊
especially,ad 特別；尤其 
essay,n 論文；散文 
essence,n 本質；實質 
essential,a 必要的；不可缺的 
establish,v 建立；設立 
establishment,n 建立；設立 
estate,n 財產；資產 
esteem,n 尊重；尊敬 v尊重；尊敬
estimate,v 估算；估量 
eternal,a 永恆的；永久的 
ethic,n 倫理；道德 
ethical,a 倫理的；道德的 
ethics,n 倫理學；道德學 
evade,v 躲避；逃避 
evaluate,v 估價；評價 
evaluation,n 估價；評價 
evasive,a 逃避的；託辭的 
even,a 平的；平坦的ad 甚至；連v使平坦
event,n 事件；大事 
eventual,a 最終的；最後的 
evidence,n 證據；證詞 
evident,a 明顯的；明白的 
evoke,v 喚起；引起 
evolve,v 逐步形成；發展 
exact,a 正確的；精準的 
exaggerate,v 誇大；誇張 
exaggeration,n 誇大：誇張 
exam,n 考試；測驗 
examination,n 考試；測驗 
examine,v 檢驗；測試 
examiner,n 主考人；檢查人 
example,n 範例；示範 
exceed,v 超過；勝過 
excel,v 勝過；優於 
excellent,a 出色的；傑出的 
except,prep 除⋯⋯之外conj 除了v把⋯⋯除外
exception,n 例外；例外的人 
excess,n 超越，超過 a過量的；額外的
exchange,v 交換；調換n 交換；調換
excite,v 刺激；使興奮 
exclude,v 排除在外；不包括 
exclusion,n 排斥；排除在外 
exclusive,a 排外的；除外的 
exclusively,ad 專門地；專有地 
execute,v 實施；處死 
executive,a 執行的；實施的 n執行者；行政官
exert,v 運用；行使 
exhibit,v 展示，陳列 n展示品；陳列品
exhibition,n 展覽；展示 
exist,v 存在；生存 
existence,n 存在；實在 
exit,v 出口；通道 v出去；離去
expand,v 展開；張開 
expansion,n 擴展；擴張 
expect,v 期待；預期 
expectation,n 期待；預期 
expedite,v 迅速執行；促進 
expel,v 驅逐；趕走 
expenditure,n 消費；支出 
expense,n 費用；價錢 
expensive,a 高價的；昂貴的 
experience,n 經驗；經歷 
experiment,n 實驗；試驗 v進行實驗；試驗
expert,n 專家；能手 a熟練的；老練的
expertise,n 專門知識；專長 
expiration,n 終結；期滿 
expire,v 屆期；終止 
explain,v 解釋；說明 
explanation,n 解釋；說明 
explode,v 爆發；爆炸 
explore,v 探險；挖掘 
explorer,n 探險者 
explosion,n 爆發；爆炸 
export,v 輸出；出品 
expose,v 使暴露於；使接觸到 
exposure,n 暴露；揭露 
express,v 表達，陳述 a快遞的n快遞；快運
expression,n 表達；表示 
extend,v 延長，延伸 
extension,n 伸展；伸長 
extensive,a 廣大的；廣闊的 
extent,n 廣度；程度 
extra,a 額外的 
extract,n 抽出（物）；採掘 
extraordinary,a 異常的；特別的 
fabric,n 布料；織布 
fabricate,v 製造；偽造 
face,n 臉；面孔 v面向；正對
facial,a 臉的；面部的 
facilitate,v 促進；幫助 
facilitator,n 促進者；便利措施 
facility,n 設施；配備 
facto,n 因素；成因 
factory,n 工廠 
fail,v 失敗；不及格 n失敗；不及格
failure,n 失敗；挫敗 
fair,a 公平的 ad公平地；公正地n集市
fairly,ad 公平地；公正地 
faith,n 信念；信任 
faithful,a 忠實的；忠誠的 
falter,v 蹣跚；踉蹌 n動搖；猶豫
familiar,a 眾所周知的；熟悉的 
familiarity,n 熟悉；通曉 
familiarize,v 使熟悉；使親近 
fare,n 票價 v過活；遭遇
farewell,n 告別；告別辭 
farm,n 農場 
fascinate,v 迷住；使神魂顛倒 
fascination,n 魅力；陶醉 
fashion,n 時尚 
fashionable,a 流行的；時尚的 
fast,a 快速的；迅速的 
fasten,v 紮牢；繫緊 
fatal,a 命運的；決定命運的 
fate,n 命運；天命 v命定；注定
father-in-law,n 岳父 
fatigue,n 疲勞；勞累 v疲勞
fault,n 錯誤；失誤 
faulty,a 有缺點的；不完美的 
favor,n 幫助；善意的行為 v支持；擁護
favorable,a 贊同的；稱讚的 
favorite,a 喜愛的；喜歡的 
fax,n 傳真 
fear,n 恐懼；害怕 v害怕；畏懼
feasibility,n 可行性；可能性 
feasible,a 可行的；可實行的 
feast,n 盛宴；筵席 
feat,n 功績；業績 
feature,n 特徵；特色 v以⋯⋯為特色；是⋯⋯的
federal,a 國家的；聯邦的 
fee,n 酬金；服務費 v付費
feed,n 飼料；牧草 v餵；飼養
feedback,n 回饋 
fellow,a 同伴的；同事的n 傢伙；人
fellowship,n 夥伴關係；交情 
female,n 女性 a女性的
feminine,a 女性的；婦女的 
ferry,v 渡過；運送 n擺渡；渡輪
fertility,n 肥沃；豐富 
fertilize,v 使肥沃；施肥 
fertilizer,n 肥料 
festival,n 節日 a節日的
fetch,v 拿來；拿給 
fever,n 發燒，發熱 v發燒；高度興奮
fiber,n 纖維；纖維製品 
fiction,n 小說；虛構 
field,n 原野；田地 
fierce,a 兇猛的；殘酷的；好鬥的 
fight,n 戰鬥；打鬥 v戰鬥；打鬥
figure,n 外形；體形 v計算；認為
file,n 文件夾 v歸檔提出
fill,v 裝滿；填滿 
film,n 膠捲影片；影片 
filter,n 濾器 v過濾；濾除
final,a 最後的；最終的n 決賽；期末考
finalize,v 完成；結束 
finance,n 財政；金融 
financial,a 財政的；金融的 
finish,v 結束；完結 
finite,a 有限的 
fire drill,n 火災避難訓練；消防演習 
firm,a 穩固的；牢固的 
fiscal,a 財政的；金融的 
fit,v 合身；適合 a適合的；健康的
fitnes,n 健康；適當 
fix,v 修理；修復 
fixation,n 固定；注視 
fixture,n （房屋等的）固定裝置 
flaw,n 裂縫；缺點 v使破裂；使有缺陷
flawed,a 有缺點的；錯誤的 
flawless,a 無瑕的；完美的 
flexibility,n 靈活性；彈性 
flight,n 班機；航班 
fluctuate,v 波動；變動 
fluctuation,n 波動；變動 
fluency,n 流暢 
fluent,a 流暢的；順暢的 
focus,n 焦點；焦距 v聚焦
fold,v 折；折疊 
folder,n 資料夾 
forecast,n 預報；預測 v預報；預測
foreign,a 外國的；陌生的 
foremost,a 最前的；最先的 ad首先
foresee,v 預見；預知 
form,n 形狀；外形 v形成；構成
formal,a 正式的；禮節上的 
format,n 格式 
formatted,a 格式化了的 
formula,n 公式 
formulate,v 使公式化；用公式表示 
fortunate,a 幸運的；僥倖的 
fortunately,ad 幸運地；僥倖地 
fortune,n 財產；好運 
forum,n 討論會；論壇 
forward,ad 向前 a前面的v轉交；發送
foundation,n 建立；創辦；基金會 
founder,n 創辦人 
fraction,n 片段；碎片 
frame,n 架構；骨架 v建造；塑造
framework,n 構造；機構 
franchise,n 特許經銷權；公民權 
franchisor,n 特許授予人 
frank,a 坦白的；直率的 
frankly,ad 率直地；坦白地 
fraud,n 欺騙；詭計 
fraudulent,a 欺詐的；欺騙的 
free,a 自由的；免費的ad 免費地；無約束地v
freedom,n 自由 
freight,n 貨物 v裝貨於；運輸
frequency,n 頻率 
frequent,a 頻繁的 
frequently,ad 頻繁地 
frighten,v 驚恐；害怕 
fuel,n 燃料 v加燃料；加油
fueled,a 加燃料的 
fulfill,v 執行；履行 
fulfillment,n 履行；實現 
function,n 功能；作用 v工作；運行
functioning,a 運作的 
fund,n 資金 
fundamental,a 基礎的；根本的 n基本原則
funding,n 資金；基金 
fundraiser,n 資金籌集人 
furniture,n 傢俱；設備 
further,a 更遠的 ad更遠地v促進；助長
gamble,n 賭博；打賭 v賭博；打賭
gap,v 裂開 n缺口；隔閡
garbage,n 垃圾 
garment,n 服裝；衣著 
gasoline,n 汽油 
gas,n 氣體；瓦斯 
gate,n 大門；柵欄門 
gatekeeper,n 看門人；守門員 
gather,v 收集；召集 n聚集；收穫量
gathering,n 集會；聚集 
gear,n 工具；設備 v使適應；使適合
gender,n 性別 
general,a 普通的；一般的 
generally,ad 通常；一般地 
generate,v 產生；發生 
generation,n 世代；一代 
generosity,n 慷慨；大方 
generous,a 慷慨的 
genius,n 天才；天資 
gentle,a 紳士的 
gentleman,n 紳士 
genuine,a 真誠的；不造作的 
geographic,a 地理學的；地理的 
geography,n 地理；地理學 
germ,n 微生物；細菌 
gesture,n 姿勢；手勢 
getaway,v 逃走；起步 
giant,n 巨人 a巨人般的；巨大的
gift,n 禮物；天賦 
gifted,a 有天資的；有天賦的 
gift-wrap,v 用包裝紙包裝 
glamor,n 魅力；魔力 
glance,v 掃視；瞥見 
glitch,n 小故障；失靈 
global,a 球狀的；全世界的 
globe,n 球狀物；地球 
gloom,n 黑暗；陰暗 v使暗；使陰沉
glorify,v 讚美；美化 
glory,n 光榮；榮譽 
glossary,n 詞彙表；術語 
glove,n 手套 
glow,v 發光；發熱 
goodwill,n 善意；好心 
gorgeous,a 燦爛的；華麗的 
gossip,n 閒話；聊天 v閒聊
govern,v 統治；管理 
government,n 政府 
grab,v 抓取；拾取 
grace,n 優雅 
graceful,a 優雅的 
grade,n 成績；等級 
gradual,a 逐漸的；逐步的 
gradually,ad 逐漸地 
graduate,v 准予畢業；授與學位 
grand,a 雄偉的；堂皇的 
grant,v 同意；允許 
graph,n 圖表；圖解 
grasp,v 抓牢；握緊 n抓；握
grateful,a 感激的；感謝的 
gratitude,n 感恩；感謝 
gratuity,n 賞錢；小費 
gravity,n 重力；引力 
greed,n 貪心 
greenhouse,n 溫室；暖房 
grin,v 露齒而笑；齜牙咧嘴 
grip,n 緊握；夾住 
grocer,n 食品雜貨商 
grocery,n 食品雜貨店 
groom,n 新郎 v打扮；穿戴
gross,a 總的；顯著的 n總額；總量
ground,n 地面；土地 
groundbreaking,a 開創性的 
grow,v 成長；生長 
growth,n 成長；發育 
guarantee,n 保證；保固 v保證；保固
guard,n 哨兵；衛兵 v防範；警惕
guardian,n 守護者；管理員 
guess,v 猜測；臆測 
guest,n 賓客；客人 
guidance,n 引領；帶領 
guide,n 引領；帶領 v響導；指導
guidebook,n 旅行指南 
guideline,n 指導方針 
guilt,n 罪惡；過失 
guilty,n 有罪的；罪惡的 
gym,n 體育館：體操 
gymnasium,n 體育館；體操 
habit,n 嗜好；興趣 
habitat,n 棲息地；產地 
habitual,a 習慣的 
hack,v 劈；砍 
haircut,n 髮型；理髮 
hairdresser,n 美髮師 
half,n 一半 a一半的ad一半地
halfway,a 中途的 ad中途地
hall,n 會堂；大廳 
hallmark,n 品質證明；戳記 
hallway,n 玄關；門廳 
halt,n 暫停；停止 v停止；終止
handbag,n 手提包 
handbook,n 手冊；旅行指南 
handful,n 一把；一握 
handicap,n 障礙，殘障 
handle,v 操作；操縱 
handling,n 操作；管理 
handout,n 施捨物；傳單；印刷品 
handshake,n 握手 
harbor,n 港灣；海港 v庇護；藏匿
hardly,ad 幾乎不；簡直不 
hardware,n 器件；器具 
harm,n 傷害；危害 v傷害；危害
harmful,a 有害的；不良的 
harmony,n 和睦；融洽 
harvest,n 收成；產量 v收成；產量
hasty,a 匆忙的；急忙的 
hazard,n 危險；危害物v 冒險作出；嘗試
hazardous,a 有危險的；冒險的 
headline,n 標題；大標題 
headquarter,n 總部 
heal,v 癒合；痊癒 
health,v 健康 
healthy,a 健康的；健全的 
hear,v 聽見；聽 
heat,n 熱度；熱烈 v變熱；發熱
heater,n 加熱器；暖氣機 
heel,n 腳後跟 
height,n 高度；海拔 
helmet,n 帽盔；安全帽 
help,n 幫助 v補救；治療
helpful,a 有幫助的；有益的 
hemisphere,n 半球；半球體 
hence,ad 因此；由此 
herd,n 畜群；牧群 v放牧
heritage,n 遺產；命運 
hesitate,v 躊躇；猶豫 
hesitation,n 躊躇；猶豫 
hidden,a 隱藏的；隱祕的 
hide,v 隱藏 
high,a 高的；高級的 ad高聲地，在高處
highway,n 公路；幹道 
hike,v 健行；遠足 
hilarious,a 可笑的；荒謬的 
hinder,v 妨礙；阻礙 
hint,n 暗示 v暗示；示意
hire,v 僱用 n租用；僱用
hobby,n 興趣；癖好 
hold,v 握著；抓住 n掌握；支配
hole,n 洞；破洞 v鑿洞於；穿孔於
holiday,n 節日；假日 
home,n 家庭；家庭生活ad 在家；回家a家庭的
homesick,n 思家的 
hometown,n 故鄉；家鄉 
honest,a 誠實的；正直的 
honesty,n 誠實；正直 
honor,n 榮譽；名譽 
honorary,a 榮譽的; 名譽的
hopeful,a 有希望的；有前途的 
hopeless,a 無望的；沒有辦法的 
horizon,n 地平線；眼界；視野 
horizontal,a 水平的；橫的 
horrible,a 可怕的；令人毛骨悚然的 
horrify,v 使恐懼；使驚懼 
hospital,n 醫院 
hospitality,n 好客；殷勤招待 
host,n 主人；主辦 
hostile,a 敵人的；敵方的 
hotel,n 旅館；飯店 
hour,n 小時；時刻 
hourly,a 每小時的 ad每小時地；頻繁地
house,n 房子；住宅 
household,n 家庭，戶a 家的；家庭的
housekeeper,n 管家；佣人 
housing,n 房屋，住宅 
hub,n 集線器 
huge,a 龐大的；巨大的 
humane,a 人道的；仁慈的 
humankind,n 人類 
human resource,n 人力資源 
humble,a 謙遜的；謙恭的 v使謙卑
humid,a 潮濕的 
humidity,n 濕氣；濕度 
humor,n 幽默感；幽默 
hurry,v 使趕緊；催促 n急忙；倉促
hurt,n 受傷；疼痛 a受傷的v損害；危害
hush,n 靜寂，沉默 v使沉默，使安靜
ice,n 冰 v結冰
ice-cold,a 冰冷的；毫無感情的 
icon,n 畫像；偶像 
icy,a 多冰的；冷冰冰的 
idea,n 打算；計畫 
ideal,a 理想的；完美的 
idealize,v 形成理想；理想化 
identical,a 相同的；完全相似的 
identification,v 認出；識別 
identify,v 認出；識別 
idle,v 閒置的；空閒的 
idol,n 偶像 
idolize,v 崇拜偶像 
ignite,v 點燃；使燃燒 
ignition,n 著火；燃燒 
ignorance,n 無知；不學無術 
ignorant,a 無知的；不學無術的 
ignore,v 不理會；忽視 
ill,a 生病的；壞的 n不幸；禍害
ill-advised,a 欠考慮的；輕率的 
illegal,a 違法的 
illicit,a 不法的，違禁的 
illiteracy,n 不識字；文盲 
illness,n 患病；身體不適 
illogical,a 不合邏輯的 
illuminate,v 照亮；照射 
illusion,n 錯覺；幻覺 
illustrate,v 說明；闡明 
illustration,n 描繪；插畫 
image,n 圖像；圖案 
imaginary,a 想像的；幻想的 
imagination,n 想像力 
imagine,v 想像 
imitate,v 模仿 
immature,a 不成熟的 
immediate,a 立刻的；立即的 
immediately,ad 馬上；直接地 
immense,a 巨大的；廣大的 
immigrant,n 移民；僑民a 移民的
immobile,a 不能動的；固定的 
immune,a 免疫的 
impact,v 產生影響 
impair,v 損害；損傷 
impartial,a 公正的；無偏見的 
impatient,a 不耐煩的，沒耐心的 
impeccable,a 無懈可擊的；無缺點的 
impede,v 妨礙；阻礙 
imperative,a 必要的；緊急的 
implement,n 工具；器具 v履行；實施
implementation,n 履行；完成 
implication,n 牽連；涉及 
imply,v 暗指；暗示 
impolite,a 失禮的 
import,n 進口；輸入 
importance,n 重要性 
important,a 重要的 
impose,v 強加於 
impossible,a 不可能的 
impractical,a 不實際的 
impress,v 使感動；使銘記 
impression,n 印象 
impressive,a 印象深刻的 
improper,a 不合適的 
improve,v 增強；改善 
improvement,n 增強；改善 
impulse,n 衝動；刺激 
inability,n 無能；無力 
inaccurate,a 不正確的 
inactive,a 不活躍的 
inadequate,n 不適切的 
inbound,a 回內地的；歸本國的 
Inc,n 法人組織；公司 (=incorporation) 
incentive,n 鼓勵；動機a 刺激的；鼓勵的
inch,n 英吋；少許 v緩慢地移動
incident,n 事件；事變 
incidental,n 附帶的；伴隨的 
incinerate,v 焚化；灰化 
incinerator,n 焚化爐 
inclination,n 傾向；意向 
incline,v 傾斜；屈身 
include,v 包括；包含 
including,prep 包括；包含 
inclusive,a 包含的，包括的 
incoherent,a 無條理的；不一貫的 
income,n 收入；收益 
incoming,a 進來的 n進來；收入
incompetent,a 無能力的；不能勝任的 
incomplete,a 不完全的；不完整的 
inconsistent,a 不一致的；不協調的 
inconvenience,n 不方便 
inconvenient,a 不方便的 
incorporate,v 合併；混合；組成公司 
incorporation,n 公司；團結 
incorrect,a 不正確的 
increase,v 增加；增多n 增加
incredibility,n 不可信 
incredible,a 難以置信的；驚人的 
incur,v 招致；惹起 
indebt,v 使負債 
indecisive,a 優柔寡斷的 
indeed,ad 真正地；確實 
indefinite,a 不確定的；未定的 
independent,a 獨立的；自主的 
in-depth,a 深入的；徹底的 
index,n 索引 v表明；指示
indicate,v 指示；指出 
indication,n 徵兆；跡象 
indicator,n 指示者；指示物 
indifference,n 漠不關心；冷淡 
indifferent,a 冷淡的 
indispensable,a 必需的 
individual,a 個體的；個人的 
indoor,a 室內的 
indoors,ad 在室內；在屋裡 
industrial,a 工業的 
industrialize,v 工業化 
industry,n 工業；企業 
inevitable,a 無法避免的 
inevitably,ad 無法避免地 
infamous,a 聲名狼藉的 
infancy,n 嬰兒期；幼年 
infant,n 嬰兒 a嬰兒的；初期的
infect,v 使受影響；感染 
infection,n 傳染；侵染 
infer,v 推論；推斷 
inference,n 推論；推斷 
inferior,a 低等的；下級的 
infinite,a 無限的 
infinity,n 無限 
inflation,n 通貨膨脹 
inflict,v 給予（打擊）；使遭受 
influence,n 影響；作用 
influx,n 湧進；匯集 
info,n 通知；報告 
inform,v 通知；告知 
informal,a 不正式的 
information,n 資訊 
informative,a 見聞廣博的 
infrastructure,n 公共建設 
ingredient,n 組成；原料 
inhabit,v 居住於；棲息於 
inhabitant,n 居民；居住者 
inherent,a 內在的；固有的 
initial,a 開始的；最初的 
initially,ad 開始的；最初的 
initiate,a 新加入的 
initiation,n 開始；創始 
initiative,a 創始的 
inject,v 注射 
injection,n 注射 
injure,v 傷害；損害 
injured,a 受傷的 
injury,n 受傷 
inner,a 內部的；核心的 
innocent,a 無辜的；單純的 
innovate,v 創立；革新 
innovation,n 創新 
innovator,n 創新者 
inquire,v 詢問；打聽 
inquiry,n 詢問；打聽 
insane,a 精神錯亂的；瘋狂的 
insanity,n 瘋狂 
insecure,a 不安全的；有危險的 
insecurity,n 不安全；危險 
insert,v 插入；嵌入 
inside,n 內部；裡面 a在裡面prep在⋯⋯的裡
insider,n 內部的人；會員 
insight,n 見解；看法 
insignificant,a 不重要的 
insist,v 堅持 
inspect,v 檢查；審查 
inspection,n 檢查；審查 
inspector,n 檢查員；視察員 
inspiration,n 靈感；鼓舞 
inspire,v 鼓舞；激勵 
inspiring,a 激勵人心的 
install,v 安裝；設置 
installment,n 安裝；設置 
instance,n 例子；實例v 引證
instant,a 立即的；即刻的 
instantaneously,ad 即刻；突如其來地 
instead,ad 反而，卻 
institute,n 協會；學院 v創立；設立
institution,n 制度；機構 
instruct,n 命令；指示 
instruction,n 命令；指示 
instructor,n 教練；指導者 
instrument,n 樂器；儀器；器具 
instrumental,a 用樂器演奏的；有幫助的 
insult,v 侮辱；羞辱 
insurance,n 保險；保險契約 
insure,v 保證；確保 
integrity,n 正直 
intelligence,n 聰明才智 
intend,v 想要；打算 
intense,a 強烈的；劇烈的 
intensify,v 加強；增強 
intensive,a 加強的；密集的 
intent,v 意圖；目的 
intention,n 意圖；目的 
interchangeable,a 可交換的 
interest,n 興趣；喜好；利息 
interfere,v 妨礙；衝突 
interior,a 內部的；內側的 
intermittent,a 間歇的；週期性的 
internal,a 內部的 
international,a 國際的 
internationalize,v 使國際化 
interpret,v 解釋；說明 
interpreter,n 口譯者 
interrupt,v 打擾；干擾 
interruption,n 打擾；干擾 
interview,n 訪談；面試 
interviewee,n 被面試的人 
interviewer,n 採訪者 
intricate,a 錯綜複雜的；複雜精細的 
introduce,v 介紹；引見 
introduction,n 介紹；引見 
introductory,a 介紹的 
invent,v 發明；創造 
invention,n 發明；創造 
inventive,a 發明的；創造的 
inventor,n 發明家；創作者 
inventory,n 存貨清單；目錄 
invest,v 投資 
investment,n 投資 
investor,n 投資者 
invisible,a 看不見的；無形的 
invitation,n 邀請；邀請函 
invite,v 邀請 
invoice,n 發票；發貨單 
involve,v 涉入；參與 
involvement,n 參與 
irrelevant,a 不相干的 
issue,v 發行；配給 n問題；爭論
item,n 項目；條款 
itemize,v 分條列述；詳細列舉 
itinerary,n 旅程；路線 a旅行的；旅程的
janitor,n 看門人的工友 
job,n 工作；職業 
jobless,a 失業的 
jog,n 慢跑；緩行 v慢跑；輕搖
join,v 參與；參加 
joint,n 關節；接合點 
journal,n 日報；雜誌 
journalist,n 新聞工作者 
journey,n 旅行 
judge,v 審判；判決 n法官；評判
judgmental,a 判定的 
junction,n 連接；接合；交叉點 
justice,n 正義；公平 
justify,v 證明無罪；開釋K 
keen,a 熱心的；敏銳的 
keenly,ad 敏銳地；銳利地 
keep,v 持有；保有 
keeper,n 飼養者；保管人 
key,n 鑰匙；關鍵 
keyboard,n 鍵盤 
kick,v 踢；剔除 
kickoff,n 開球；開始 
kid,n 小孩；兒童 
kidna,v 綁架 
kidnapper,n 綁票者 
kidney,n 腎臟 
kilogram,n 公斤 
kilometer,n 公里 
kin,a 同類的；類似的 n家族；親戚
kind,a 親切的；和藹的n 種類
kindly,a 親切的；和藹的ad 親切地；勞駕，請
kindness,n 親切；寬大 
kit,n 成套工具 
know,v 知道；了解 
knowingly,ad 熟悉地 
knowledge,n 知識 
knowledgeable,a 博學的；有見識的 
lab,n 實驗室 
label,n 貼紙；標籤 v貼標籤於
labor,n 勞工；勞動 v勞動；艱苦地幹活
laboratory,n 實驗室 
lack,v 缺少；缺乏 n欠缺；不足
lacking,a 缺乏的 
lag,v 落後；延遲 n落後；延遲
laid-back,a 懶散的；閒散的 
lamentl,n 哀悼；悲痛；v 哀悼，悲痛
lamp,n 燈；油燈 v照；照亮
land,n 陸地；田地；地產 v登陸；降落
landing,n 降落，著落 
landlady,n 女房東；女地主 
landlord,n 地主；房東 
landmark,n 地標；里程碑 
landscape,n 風景；景色 
landscaper,n 庭園設計家 
languish,v 變得無生氣；衰弱 
lapse,v 時間流逝；跌落v 流逝；背離
large,a 大的；巨大的 
large-scale,a 大規模的 
lash,n 鞭打；抽打 v鞭打；抽打
last,v 持續；維持 
lasting,a 持久的；持續的 
last-minute,a 最後的 
late,a 遲的；已故的；晚期的 ad遲到；來不及
lately,a 近來；最近 
later,a 較晚的；更晚的ad 後來；以後
latter,a 後者的；後面的 
launch,v 發射；發動 n發射；發行
laundry,n 洗衣店；送洗的衣服 
lavatory,n 盥洗室；洗手間 
law,n 法律；規則 
lawful,a 合法的；法定的 
lawsuit,n 訴訟 
lawyer,n 律師 
lay,v 放；擱；下蛋 
layer,n 層；階層 
layoff,n 解雇 
layout,n 安排；設計陳列 
lead,v 領導；帶領 
leader,n 領導 
leading,a 領路的；帶領的 
leaflet,n 傳單；單張印刷品 
league,n 同盟；聯盟 v同盟；聯盟
leak,n 漏洞；裂縫 v洩漏
leakage,n 漏；洩漏 
lean,v 傾身；屈身 
leap,v 跳過；越過 n跳；跳躍
learn,v 學習；學會 
lease,n 租約；租契 v出租
least,a 最小的；最少的 
leathe,n 皮革 a皮的；皮革製的
leave,v 離開；脫離 
lecture,n 授課；演講 
legal,a 合法的；正當的 
legalize,v 使合法化 
legitimate,a 合法的；正統的 
leisure,n 閒暇；空暇時間 a空閒的
lend,v 借；提供 
lesson,n 課程；學習 
letter,n 信；書信 
letterhead,n 印在信紙的信頭 
level,n 水平面；程度 a同水平的；同程度的v
leverage,n 手段；力量；影響力 
liability,n 傾向責任 
liable,a 易⋯⋯的；可能的 
liberal,a 開明的；不守舊的 
library,n 圖書館 
license,n 證照；許可 v發許可證給
lifestyle,n 生活方式 
likelihood,n 可能；可能性 
likely,a 適當的；可能的ad 很可能
limit,v 界線；界限 v限制；限定
limited,a 有限的；不多的 
link,n 連結；聯繫 v連接；結合
list,n 表；名冊 
litter,n 廢棄物；雜亂 v弄得亂七八糟；使充滿
load,n 負擔；重任 v裝；裝載
loan,n 貸款 v借出；貸與
local,a 當地的；本地的n 本地人
locate,v 設置在；座落於 
located,a 坐落的；位於的 
location,n 地點；定位 
lock,n 鎖 v鎖上
locksmith,n 鎖匠 
logistics,n 物流；運籌 
logo,n 標識 
loom,n 織布機 
lose,v 丟失；輸去；賠錢 
loss,n 喪失；遺失 
lounge,n 閒蕩；躺椅 v閒蕩；閒逛
loyal,a 忠誠的；忠心的 
loyalty,n 忠誠；忠心 
lucrative,a 賺錢的；有利可圖的 
luggage,n 行李 
lumber,n 木材；木料 n採伐
mad,a 發瘋的；發狂的 
madness,n 瘋狂；神經錯亂 
magazine,n 雜誌 
magnificent,a 壯麗的；宏偉的 
mail,n 信件：郵件 v郵寄
mailing,n 郵寄；郵件 
main,a 主要的；最重要的 n主要部分；要點
mainframe,n 主機；中央處理器 
maintain,v 維持；保持 
maintenance,n 維持；保持 
major,a 主要的；一流的 
majority,n 多數派；大多數 
mall,n 購物中心 
manage,v 管理；經營 
management,n 管理；經營 
manager,n 經理；主任 
managerial,a 管理人的；經理的 
mandate,n 命令；指令 
manner,n 方式；態度；禮貌 
manual,a 手的；手工的n 手冊；便覽
manually,ad 手工地 
manufacture,v 製造，加工 n製造業；製品
manufacturer,n 製造業者；廠商 
margin,n 邊；邊沿 
mark,n 痕跡；汙點；記號 v記下；標明
market,n 市場；銷路 
match,n 比賽；競賽 v相配；相適合
maternal,a 母親的；母性的 
matter,n 事情；問題；事件 v有關係；要緊
maximum,n 最大量；最大數 a最大的；最多的
mayor,n 市長 
mean,a 吝嗇的；小氣的v 表示⋯的意思
meaning,n 意思；含義a 意味深長的
measurable,a 可測量的 
measure,v 測量；計量n 措施；手段
measurement,n 測量；測定 
medicine,n 藥；良藥 
mediocre,a 中等的；平凡的 
medium,n 媒介物；手段 
member,n 會員 
membership,n 會員身分；全體會員 
memo,n 備忘錄 (=memorandum)v記入
mend,v 修補；改善 n好轉；痊癒
mental,a 精神的；心理的 
mention,v 提到；說起 n提到；說起
mentor,n 導師 
menu,n 菜單；功能選單 
merchandise,n 商品；貨物 v買賣；經營
merge,v 合併；融合 
merger,n （公司等的）合併 
message,n 信息；消息v 通知；聯繫
messenger,n 送信人；使者 
method,n 方法；手段 
meticulous,a 過分精細的；小心翼翼的 
metropolitan,a 大都市的 
midday,n 正午；中午 
midmorning,n 上午之中段時間 
mid-range,a 中等的；平均的 
mild,a 溫和的；溫柔的 
mildly,ad 溫和地；溫柔地 
millennium,n 千年期 
minimum,n 最小量；最小數 a最小的；最少的
minority,n 少數；少數派 
minute,n 分鐘；一會兒v 記錄下來
minutely,a 每分鐘的；持續的 ad仔細地；持續
miserable,a 痛苦的；不幸的 
miserably,ad 痛苦地；艱苦地 
mission,n 使命；任務；傳教團 v派遣；傳教
mistake,v 弄錯；誤解 n錯誤；過失
mistaken,a 弄錯的；誤解的 
mistreat,v 虐待 
mistreatment,n 虐待 
misunderstand,v 誤會；曲解 
misunderstanding,n 誤會；曲解 
mitigate,v 使緩和；減輕 
mobilize,v 動員；調動 
moderately,ad 適度地；有節制地 
modest,a 謙虛的；審慎的 
modification,n 修改；改變 
momentum,n 氣勢；衝力 
monetize,v 定為貨幣 
money,n 錢；貨幣 
monitor,n 顯示器；螢幕v 監控；監聽
mood,n 心境；情緒；氣氛 
moral,a 道德的 n道德；品行
mortgag,n 抵押 v抵押
motivate,v 刺激；激發 
motivation,n 刺激；推動 
motive,n 動機；主旨 a起動的；推動的v激起
move,v 移動；推動 
movement,n 運動；活動；行動 
mul,v 深思熟慮 n亂糟糟；混亂
myriad,n 無數；大量 a無數的；大量的
nag,v 嘮叨；責罵不休 n好嘮叨的人
nail,n 釘子；指甲 v釘牢；使固定
naive,a 天真的；幼稚的 
name,n 名字；姓名 v提名；任命
namely,ad 即；那就是 
narrate,v 敘述；作旁白 
narration,n 敘述；講述 
narrator,n 敘述者；講述者 
narrow,a 狹的；狹窄的v 變窄；收縮
narrowly,ad 狹窄地；勉強地 
nation,n 國民；國家 
national,a 全國性的；國家的 n國民；國人
nationality,n 國籍 
nationwide,a 全國性的ad 在全國
native,a 天生的；本國的n 本地人
natural,a 自然的；不做作 
naturally,ad 自然地；天然地 
nearby,a 附近的 ad附近的
necessarily,ad 必定；必然地 
necessary,a 必要的，必需的 
necessity,n 需要；必要性 
need,n 需要；必要 v需要
neglect,n 忽視；忽略 v忽視；忽略
neglectful,a 疏忽的；不注意的 
negligence,n 疏忽；粗心 
negotiable,a 可協商的 
negotiate,v 協商；交涉 
negotiator,n 磋商者；交涉者 
nevertheless,ad 仍然；不過 
news,n 新聞；消息 
newsletter,n 報紙 
nexus,n 連結；連鎖 
nominate,v 提名；任命 
nomination,n 提名；任命 
nominee,n 被提名人 
note,n 筆記；記錄 v注意；記下
notebook,n 筆記本 
notice,v 注意；留意 
novel,n 小說 
novelty,n 新穎；新奇 
null,a 無效的；無價值的 
nurse,n 護士 
nursing,n 看護；護理 
nurture,n 養育；教養 v養育；培育
nutrient,a 營養的；滋養的 n營養物
nutrition,n 營養；滋養O 
object,n 對象；目標 v反對
objection,n 反對；異議 
objective,a 客觀的；如實的 
obligation,n 義務；責任 
obligatory,n 義不容辭的；有義務的 
observe,v 觀察；注意 
obsolete,a 廢棄的；淘汰的 
obtain,v 得到；獲得 
obvious,a 明顯的 
obviously,ad 明顯地 
occasion,n 場合；狀況 
occupancy,n 佔有；入住 
occupation,n 工作，職業 
occupied,a 佔用的；在使用的 
occur,v 發生；出現 
occurrence,n 發生；出現 
offence,n 罪過；犯法 (=offense)
offender,n 違法者；犯規的人 
offense,n 罪過；犯法 
offensive,a 冒犯的；唐突的 
offer,v 提供 
office,n 辦公室；職務 
official,a 官方的；公務上的 
offset,v 補償；抵銷 n補償；抵銷
omission,n 遺漏；省略 
omit,v 遺漏；省略 
operate,v 營業；運轉 
operation,a 營業；運轉 
operational,a 操作上的；經營上的 
operator,n 操作者 
opinion,n 意見；評論 
opportune,a 恰好的；適宜的 
opportunity,n 機會 
opposite,a 相反的；對立的 ad在對面prep
option,n 選項；選擇 
order,n 順序；狀況；命令 v命令；指揮
ordinarily,a 通常地；慣常地 
ordinary,a 平凡的；通常的 
organize,v 組織；安排 
origin,n 起源；由來 
original,a 本來的；最初的 
originality,n 創造力；獨創性 
originally,ad 本來的；最初的 
originate,v 發源；來自 
outbound,a ad 向外去的；駛向外國的
outdo,v 勝過；超越 
outdoor,a 戶外的，露天的 
outer,a 外面的；外表的 
outgoing,a 友好的; 外向的
outgun,v 火力壓過；武器多於 
outlaw,n 歹徒；罪犯 v法律上失效
outlet,n 銷路；商店 
outline,n 外形；輪廓 v概述；略述
outlook,n 觀點；看法 
outmaneuver,v 以計謀勝過 
out-of-date,a 不流行的 
output,v 出產；生產 n出產；生產
outrage,n 惡行；暴行 v傷害；違反
outrageous,a 可憎的；可恥的 
outrun,v 超過；超出 
outskirt,n 市郊；郊區 
outsmart,v 用計謀打敗 
outstanding,a 顯著的；傑出的 
outward,a 向外的；往外去的 ad向外的；往外去
outweigh,v 比⋯⋯重；超過 
overall,a 總的，全部的n 工作褲
overcome,v 戰勝；克服 
overhead,a 在頭頂上的；在上頭的 ad在上頭；
overlap,v 部分重疊 
overlook,v 看漏；忽略 
overseas,a 在海外；在國外 
oversee,v 監視；監督 
overtime,n 加班 a超過時間的ad超過地
overview,n 概觀；概要 
overwhelm,v 戰勝；征服 
ow,v 欠；歸功於 
own,a 自己的 v有；擁有
owner,n 物主；所有人P 
package,n 包裹；包 
panel,a 控制板；陪審員名單 
paragraph,n （文章的）段；節 
part,n 部分；本分 v分開；使分離a部分ad部
partial,a 部分的；局部的 
participant,n 參與者 
participate,v 參加；參與 
particular,a 特有的，獨特的 
particularly,ad 特別；尤其 
partner,n 夥伴；同伴 
partnership,n 合夥關係 
part-time,a 兼職的 
party,n 聚會；派對；黨派 
pass,v 穿過；通過 n通行證；護照；入場證
passage,n 通行；走廊 
passenger,n 乘客 
passport,n 護照 
patch,n 補釘；補片 v補綴；修補
path,n 小徑 
patience,n 耐心 
patient,a 有耐心的 
pattern,n 花樣；圖案 
pay,v 付；支付 n薪俸；報酬
payable,a 應支付的；到期的 
payment,n 支付；付款 
payroll,n 薪金總額；發薪名單 
peace,n 和平；平靜 
peaceful,a 和平的；安詳的 
peculiar,a 奇怪的；乖癖的 
penalize,v 處罰；處刑 
penalty,n 處罰；刑罰 
perceive,v 察覺；感知 
percent,n 百分比；百分率 
percentage,n 百分率；百分比 
perception,n 感知；感受 
perfect,a 完美的；理想的 
perform,n 表演；實施 v使完美；做完
performance,n 表演；成效 
perhaps,ad 也許；大概 
period,n 時期；期間；生理期 
periodical,a 週期的；定期的 
permanent,a 永恆的；永遠的 
permit,v 允許；許可 
persistence,n 持續的；持久的 
persistent,a 持續的；持久的 
personnel,n 人員；員工 
perspective,a 透視的 n看法；觀點
persuade,v 說服；勸服 
persuasion,n 說服；勸服 
pertain,v 從屬；附屬 
pertinent,a 恰當的；貼切的 
petrol,n 汽油 
Ph.D.,n 博士學位 (=Doctor of Philosophy) 
pharmacy,n 藥房 
photo,n 照片 
photograph,n 攝影照 
photographer,n 攝影師 
pile,n 堆；一堆 v堆積；疊
pin,n 大頭針；別針 v別住；釘住
pioneer,n 拓荒者；開拓者 
pipeline,n 渠道；路線 
pitch,v 投；擲；定在 n音高；程度
place,n 地點；地區；身分 v放置；安置
placement,n 布置 
placid,a 平靜的；寧靜的 
plain,a 簡樸的；坦白的n 平原；曠野
plan,n 計畫；方案 v計畫；打算
plane,n 飛機 
planet,n 行星 
plant,n 植物 
please,v 請；討人喜歡；討好 
pleased,a 喜歡的；滿意的 
pleasure,n 愉悅；滿足 
plug,n 塞子，栓； v塞住；接通電源
plumber,n 水管工 
pocket,n 口袋；財力 a袖珍的；小型的
policy,n 政策；方針 
polite,a 有禮貌的；客氣的 
poll,n 投票；選舉 v投票
pollute,v 汙染 
pollution,n 汙染 
ponder,v 仔細考慮；衡量 
population,n 人口 
portable,a 手提式的；輕便的 
portfolio,n 文件夾；個人作品 
pose,n 姿勢 v擺姿勢；裝腔作勢
position,n 位置；姿態 
possess,v 擁有；佔有 
possession,n 擁有；所有物；財產 
possibility,n 可能性 
possible,a 可能的 
post,n 崗位；哨所 
postage,n 郵資；郵費 
posting,n 任命；委任職位 
postmaster,n 郵政局長 
postpone,v 延遲 
posture,n 姿勢；姿態 
potency,n 權力；效力 
potential,a 有潛力的；可能的 
power,n 力量；權力 
powerful,a 強大的；權力大的 
PR,n 公共關係 (=publicrelations)
practical,a 有用的；實際的 
practice,v 練習 
precise,a 精準的 
precisely,ad 精準地 
precondition,n 先決條件 v使⋯預先適應
predict,v 預言；預知 
predictable,a 可預言的 
prediction,n 預言；預報 
predisposition,n 傾向；素質 
predominate,v 主宰；支配 
preface,n 序言；引語 v作為⋯⋯的開端
prefer,v 偏好 
preference,n 偏好；喜愛 
prejudice,n 偏見；歧視v 損害；偏見
premises,n 生產場所；經營場址 
premium,a 高價的；優質的 n獎品；獎金
prepaid,a 預先付的 
prepare,v 準備 
prescription,n 命令；指示；處方 
present,a 現在的；當前的；出席的 n現在；目
preserve,v 保存；保藏 
president,n 總統；會長；主席 
press,v 按；壓；迫使 n報刊；新聞界
pressure,n 壓力 
presume,v 設想；相假設 
pretend,v 假裝；佯裝 
pretense,n 假裝；矯飾 
pretentious,a 矯飾的；做作的 
prevail,v 勝過；戰勝 
prevalent,a 流行的；盛行的 
prevent,v 防止；預防 
preventive,a 預防的；防止的 
previous,a 以前的 
previously,ad 事先；以前 
price,n 費用；價錢 
priceless,a 貴重的；無價的 
primarily,ad 首先；起初；主要地 
prime,a 最初的；原始的 
principal,a 主要的；首要的 
principle,n 原則；原理 
prior,a 在前的；居先的 
prioritize,v 按優先順序處理 
priority,n 優先；重點 
privacy,n 隱私 
private,a 隱私的 
privatize,v 使私有（民營）化 
privilege,n 特權；優特 
prize,n 獎品；獎賞 
probably,ad 大概；或許 
procedure,n 程序；手續 
proceed,v 開始；著手；出發 
process,n 過程；進程 v處理；辦理
procure,n 引起；導致 
procurement,n 取得；採購 
product,n 產品；成品 
production,n 生產；製作 
productivity,n 生產力；生產率 
profession,n 職業；同業 
professional,a 專業的 
proficiency,n 精通；熟練 
profit,v 得益；獲益 n利潤；盈利
profitable,a 有利的；贏利的 
profound,a 深刻的；深切的 
program,n 計畫；方案；節目 
programmer,n 程式設計師 
progress,v 前進；進行n 前進；進行
progression,n 前進 
prohibit,v 禁止；妨礙 
project,v 計畫；投射 
projection,n 投擲；發射；投影 
prolific,a 多產的；豐富的 
prolong,v 延長；拖延 
promise,v 承諾；允諾 n承諾；允諾
promote,v 晉升；促進 
promotional,a 增進的；獎勵的 
proof,n 證據；物證 a能抵擋的
proper,a 適合的；適當的 
property,n 資產；所有物 
proposal,n 計畫；提案；求婚 
propose,v 計畫；建議；求婚 
prospect,n 指望；預期v 勘探
protect,v 保護；防護 
protection,n 保護；防護 
proud,a 驕傲的；有自尊心的 
prove,v 證明；證實 
provide,v 提供 
proximity,n 接近；鄰近 
public,a 公眾的 
publication,n 出版物；公布 
publicize,v 宣傳；公布 
publish,v 出版；發行 
publisher,n 出版社 
punish,v 處罰 
punishment,n 處罰 
purchase,v 購買；獲得 
pure,a 純潔的；完全的 
purely,a 純粹地 
purify,v 使純淨；淨化 
purpose,n 目的；意圖 
pursue,v 追求；求愛；追趕 
pursuit,n 追求；尋求Q 
qualification,n 資格；能力 
qualify,v 使具有資格；使合格 
quality,n 品質；特性 a優良的
quantity,n 數量；分量 
quarrel,n 爭吵；不和 v爭吵；不和
quarter,n 四分之一；季度 
quarterly,a 季度的 ad一季一次地
question,n 問題；詢問v 訊問；審問
questionable,a 可疑的；成問題的 
queue,n 行列；長隊 v排隊
quick,a 快速的；迅速的 
quickly,ad 快速地 
quiet,a 寧靜的；安定的n 安靜；靜謐v平靜下
quit,v 解除；退出 
quite,ad 完全；徹底 
quotation,n 引用；引證 
quote,v 引用；引述 n引號；引語
race,n 賽跑；比 v比速度；參加競賽
racial,a 人種的；種族的 
radical,a 根本的；基本的 n根部；基礎
radio,n 無線電；收音機 
radioactive,a 放射性的 
radius,n 半徑；半徑距離 
railroad,n 鐵路 
raise,v 舉起；抬起 n加薪；提高
random,a 胡亂的；隨便的 
randomly,ad 任意地；隨便地 
range,n 排，行；一系列 
rank,n 等級；地位 
rapid,a 快的；迅速的 
rapidly,ad 很快地；立即 
rare,a 稀有的；罕見的 
rarely,ad 很少；難得 
rate,v 比例；率 
rather,ad 相當；頗 
rational,a 理性的；有理性的 
reac,v 抵達；達到 n可及之範圍
read,v 閱讀；攻讀 n讀物
reader,n 讀者 
readership,n 讀者們 
readiness,n 準備就緒 
ready,a 準備好的；願意的 
realization,n 領悟；認識 
realize,v 領悟；實現 
reason,n 理由 
reasonable,a 合理的；正當的 
rebel,n 反抗者 a反叛的
rebellion,n 反叛；造反；叛亂 
rebound,v 彈回；跳回 
rebuild,v 重建；改建 
recall,v 回想；回憶 
receipt,n 收據 
receive,v 收到；接到 
recent,a 新近的；最近的 
recently,ad 最近 
reception,n 接待；歡迎 
receptionist,n 接待員 
recharge,v 再充電於；再裝填彈藥於 
recipient,n 接受者；受領者 a接受的；受領的
reclaim,v 使改過；使悔改 
recognition,n 認出；識別 
recognizable,a 可辨認的 
recognize,v 認出；識別 
recommend,v 推薦 
recommendation,n 推薦 
reconsider,v 重新考慮 
record,v 記載；記錄 
recover,v 復原；恢復 
recovery,n 復原 恢復
recruit,v 徵募；僱用 
recruitment,n 徵募；僱用 
rectangle,n 矩形；長方形 
rectify,v 矯正；改正 
reduce,v 減少；縮小 
refer,v 提到; 談論
reference,n 提及；參考文獻 
reflect,v 反射；照出 
reflection,n 倒影；反省 
refund,n 退還；償還 
refurbish,v 再磨光；刷新 
refusal,n 拒絕 
refuse,v 拒絕 
regard,n 注重；問候 v把⋯認為
regarding,prep 關於；就⋯⋯而論 
regardless,ad 不顧一切地 a不注意的；不留心
region,n 地區；地帶 
registering,a 登記的；註冊的 
regular,a 規則的；有規律的 
regularly,ad 定期地；有規律地 
regulate,v 管理；控制；校準 
regulation,n 規章；規則a 標準的；正規的
rehearsal,n 排練；試演 
rehearse,v 排練；排演 
reimburse,v 償還；歸還 
reimbursement,n 償還；退款 
reinforce,v 增援；加強 
reinforcement,n 增援；加強 
reiterate,v 重做；重申 
reject,v 拒絕 
rejection,n 拒絕；反對 
relate,v 使有聯繫；有關；涉及 
relation,n 關係；關聯 
relationship,n 人際關係；戀愛關係 
release,v 釋放；發行 n釋放；解放
relevant,a 有關的；切題的 
reliable,a 可信賴的；可靠的 
relief,n 緩和；減輕 
relocate,v 重新安置 
rely,v 倚靠；依靠 
remain,v 剩下；餘留 
remake,v 再製；改造 
remark,v 談到；評論 n言辭；談論
remarkable,a 非凡的；卓越的 
remember,v 記得；記住 
remind,v 提醒 
remote,a 遙遠的；偏僻的 
remotely,a 遙遠地；間接地 
removal,n 移動；調動；免職 
remove,v 移動；調動 
render,v 使得；提出 
renew,v 使更新；使復原 
renewal,n 更新；復原 
renovation,n 更新；修理 
renowned,a 有名的；有聲譽的 
rent,n 租金；租費 v出租
rental,a 租賃的 n租金；出租
repair,v 修理；修補 n修理；修補
repeat,v 重複；重做 n重複；複寫
repetition,n 反覆背誦 
repetitive,a 重複的 
replace,v 放置；替代 
replacement,n 取代；更換 
replay,v 重演；重播 n重演；重播
reply,v 回答；答覆 
report,v 報導；記述；告發 n報告；報導
represent,v 描繪；代表 
representative,a 代表性的 n典型；代表物；
reputation,n 名譽；名聲 
request,v 要求；請求 n要求；請求
require,v 需要；要求 
requirement,n 需要；必需品 
reschedule,v 改期；重新編排 
research,v 研究；調查n 研究
resemblance,n 相似；相貌相似 
resemble,v 像；類似 
reservation,n 預定；保留 
reserve,v 儲備；保存 
residence,n 住所；住宅 
resident,n 居民 a居住的；定居的
residential,a 居住的；住宅的 
residual,a 殘留的；剩餘的 
residue,n 殘餘；剩餘 
resign,v 放棄；辭去 
resignation,n 辭職；放棄 
resist,v 抵抗；反抗 
resistance,n 抵抗；反抗 
resolute,a 堅決的；堅定的 
resolve,v 解決；決心 n決心；決意
resource,n 資源；物力 
respect,n 敬重，尊敬 
respond,n 回答；答覆 
response,n 回答；答覆 
responsible,a 需負責任的；承擔責任的 
responsive,a 回答的；應答的 
restriction,n 限制；約束 
resume,v 恢復；重返 n梗概；履歷
retail,n 零售 v零售a零售的
retailer,n 零售商；零售店 
retai,v 保留；保持 
retainable,a 能保持的；可保留的 
retainer,n 保留者；家臣 
retire,v 使退卻；使退休 
retirement,n 退休；退職 
retrieve,v 重新得到；收回 
return,v 返回；歸 
reveal,v 展現，顯露出n 揭示；揭露
revenue,n 收入；稅收 
reverse,a 相反的；反向的 v顛倒；翻轉n相反
review,v 批評，評論；檢閱 
revise,v 修訂；校訂 
revision,n 修訂；校訂 
revive,v 甦醒；復甦 
revolve,v 旋轉；自轉 
reward,n 報答；報償 v報答；報償
rigorous,a 嚴格的；嚴厲的 
rise,v 上升；升起 n上升；興盛
rival,n 競爭者；對手 v競爭a競爭的
rivalry,n 競爭；對抗 
robust,v 強健的；茁壯的 
route,n 路線；路程 
routine,n 例行公事 a例行的
royal,a 皇家的；盛大的 
royalty,n 皇族；王位；王權 
rule,n 規則；規定 v統治；管轄
run,v 跑；競選 n跑；路程；暢銷
rush,v 衝，奔；催促 n匆忙；緊急
sacrifice,n 牲禮，祭品v 犧牲；獻出
sadden,v 使悲傷；使難過 
sadly,ad 悲哀地；傷心地 
sadness,n 悲哀；悲傷 
safe,n 平安的；無損的 
safeguard,v 保護；防衛n 保護；防衛
safety,n 安全；平安 
salary,n 薪資；薪水 
sale,n 賣；出售；拍賣 
salvage,n 搶救；挽救 v救助；營救
sample,n 樣品，樣本 v品嚐；體驗a樣品的
sanitary,n 公共廁所 a衛生的；清潔的
satisfaction,n 滿意；滿足 
satisfy,v 使滿意；使高興 
savvy,v 懂；知曉 
scale,n 大小；規模 v攀登；增加
scan,v 細看；審視 n掃描；細看
scanner,n 掃描機 
scene,n 布景；景色；背景 
scenery,n 景色；風景 
schedule,n 時間表 v安排；預定
scope,n 顯微鏡；望遠鏡 
scratch,v 抓；搔劃出 n刮痕；抓痕a湊合的
screen,n 螢幕；掩蔽物 
scrutinize,v 詳細檢查；細看 
seam,n 縫；縫合處 v縫合；接合
seamlessly,ad 無縫地 
search,v 搜查；探究 n搜查；搜尋
season,n 季節 
secret,n 秘密 
section,n 部分；區域 
secure,a 安全的，無危險的 v使安全；掩護
security,n 安全感；防備；保安 
seek,v 尋找；探索 
segment,n 部分；部門v 分割；切割
seldom,ad 不常；很少 a很少的；難得的
select,v 選擇；挑選 a上等的；優等的
selection,n 選擇；選拔 
selective,a 有選擇性的 
self,n 自身；自己 
self-employed,a 自由業的；自僱的 
semester,n 半學年；一學期 
seminar,n 專題討論會 
senior,a 年長的；前輩的 n前輩；上司；學長
sense,n 感官；官能；見識 v了解；領會
sensible,a 明智的；合情理的 
sensitive,a 敏感的；靈敏的 
separate,v 分隔；分割 
separation,n 分開；分居 
sequence,n 連續；接續 
series,n 連續；系列 
serious,a 嚴重的；危急的 
serve,v 服務 
service,n 服務；效勞 v服務；效勞
session,n 會議；集會 
set,v 放；置；開始 a固定的；不變的n一套；
setback,n 挫折；失敗 
setup,n 組織；機構 
several,a 幾個的；數個的 
severe,a 嚴重的；劇烈的 
severely,ad 嚴重地；劇烈地 
shape,n 形狀；樣子 v使成形；塑造
share,v 分享 
shareholder,n 股東 
sharp,a 尖銳的；苛刻的ad 幾點整
shelf,n 架子 
ship,n 船；艦 v運送；裝運
shipment,n 運輸；運送 
shipping,n 運輸；運輸業 
shortage,n 缺少；不足 
should,aux 可能；該 
shredder,n 碎紙機 
sight,n 視覺；景象；觀光地 v看見；發現
sign,n 徵象；前兆 v簽名於；簽署
significance,n 重要性；重要 
significant,a 有意義的；重要的 
signify,v 表示；預示 
similar,a 相像的；相仿 
simulate,v 假裝；冒充 
simulation,n 偽裝；模仿 
sincere,a 衷心的；真誠的 
sincerely,ad 真誠地；誠懇地 
sinful,a 罪孽深重的；有罪的 
sink,v 下沉；下陷 n水槽
site,n 地點；場所 
situation,n 狀況；處境 
size,n 尺寸 
skill,n 技巧；技術 
skillful,a 有技巧的 
skim,v 撇去；瀏覽；略讀 n脫脂牛奶
slash,v 減低；砍傷；抨擊 n砍傷；砍痕
slice,n 薄片；切片 v切下；割去
slip,v 滑動；滑跤 n失足；疏忽；錯誤
slippery,a 滑的；油滑的 
slogan,n 口號；標語 
slope,n 傾斜；坡度 v傾斜
sloppy,a 稀薄的；邋遢的 
slot,n 投幣口；自動販賣機 
slump,v 倒下；陷落 n下降；不景氣
smoothl,ad 平滑地；流暢地 
soar,v 往上飛舞，升 n高飛；高聳
society,n 社會；交際 
software,n 軟體 
solace,n 安慰；慰藉 v安慰
sola,a 太陽的；日光的 
solely,ad 單獨地；唯一地 
solicit,v 請求；懇求 
solve,v 解決；解答 
sophisticated,a 世故的；精緻的 
sort,v 挑選；區分 n種類；品種
sound,n 聲音；響聲 v聽起來
source,n 根源；來源 v隔開
space,n 空間；宇宙 
span,n 礅距；跨度 v橫跨；跨越
special,a 特別的 
specialize,v 專精於 
specialty,n 專業；專長 
specification,n 載明；詳述 
specify,v 具體指定；詳細指明 
speech,n 演說；言論 
speed,n 快速；迅速 v促進；加快
spend,v 花費；浪費 
splendid,a 壯麗的；輝煌的 
sponsor,n 贊助商 
sponsorship,n 資助；支持 
spot,n 斑點；場所 a立即v玷汙；汙辱
spray,n 噴霧；浪花 v噴灑
spread,v 伸展；傳播 n蔓延；流行
spring,n 春天；活力 v跳躍；提出
sprinkle,v 灑；噴；淋 n稀疏小雨；少量
spy,n 間諜；密探 v監視；偵察
square,n 正方形；廣場a 正直的公正的
stability,n 穩定；穩定性 
stable,n 馬；馬棚；畜舍 
stack,n 一堆，一疊；乾草堆 v堆放
staff,n 職員；工作人員 
stage,n 舞臺；階段 v籌劃；舉行
stake,n 危險；股本 v資助；押下
stance,n 立場；態度 
stand,v 站立；站著 n立場；態度
standard,n 標準；水準a 標準的；一流的
standpoint,n 立場；觀點 
staple,n 主要產品 a主要的
state,n 狀況，形態；國家；州 v陳述；聲明
statement,n 陳述；說明 
station,n 車站；駐地；身分 
stationary,a 固定的；停滯的 
stationery,n 文具；信 
statistics,n 統計；統計資料 
status,n 地位；身分 
steadfast,a 堅定的；不動搖的 
steady,a 穩固的；平穩的 v使穩固；使穩定
steam,n 蒸汽；水蒸汽v 蒸發；冒熱氣
stem,v 起源於；攔住；阻擋 n莖，樹幹
stick,n 枝條；棒狀物 v黏貼；堅持；固守
stock,n 進貨；庫存品；股票 v庫存；貯存a庫
storage,n 貯藏；保管 
store,n 店舖；貯存 v貯存
storm,n 暴風雨；爆發；激動 
stormy,a 暴風雨的；暴躁的 v橫衝直撞；猛衝；
storyline,n 故事；情節 
stout,a 頑強的；牢固的；粗壯的 
straight,a 筆直的；正直的 ad立刻；馬上
straightforward,a 徑直的；簡單的 ad坦率地；
strategy,n 策略；計謀 
stream,n 小河；溪流 v流；流動
streamline,a 流線型的 
strength,n 力氣；實力強度 
strengthen,v 增強；鞏固 
stress,n 壓力；緊張；著重 v強調；著重
stretch,n 伸直；展開，曲解 v伸縮；延續；吹
strike,v 打擊；攻擊 n罷工；打擊
strive,v 力爭；苦幹 
structure,n 結構 v構造
study,n 學習；研究 v學習；研究
style,n 風格；作風 
subject,n 主題；題目 v易受⋯；易患⋯
subjectively,ad 主觀地 
submit,v 屈從；忍受；提交；呈遞；主張 
subordinate,a 次要的；隸屬的 n部下；部屬
subscribe,v 訂閱；同意 
subscription,n 訂閱；同意 
subside,v 消退；平息；減弱 
subsidiary,a 輔助的；附帶的 
subsidize,v 補助；資助 
subsidy,n 津貼；補貼 
substantial,a 真實的；堅固的 
substantiate,v 證實；證明 
substitute,n 代替人；代替物 v代替a代替的
subtract,v 減去；去掉 
subway,n 地下鐵 
succeed,v 成功；繼任 
success,n 成功；成就 
sufficient,a 足夠的；充分的 
suggest,v 建議 
suggestion,n 建議 
suit,n 西裝；套；副 v相稱；彼此協調
suitable,a 適當的；合適的 
suitcase,n 小型旅行箱；手提箱 
suite,n 套房；隨從 
sum,n 總數；總和 v總結
summarize,v 作總結；作概括 
superb,a 堂皇的；宏偉的 
superior,a 較高的；上級的；高傲的 
supervise,v 監督；管理 
supervisor,n 管理人；指導者 
supervisory,a 管理（員）的 
supplement,n 增補，補充；副刊 
supplementary,a 增補的；補充的 
supplier,n 供應者 
supply,n 供給；供應 v供給；供應
support,v 支持；擁護 n支持；擁護
supportive,a 支援的；贊助的 
suppose,v 猜想；以為 
surely,ad 確實；無疑 
surface,n 面；表面 a表面的；外觀的v顯露；
surmise,v 推測；猜測 n推測；猜測
surplus,n 剩餘物；順差a 過剩的；剩餘的
surprise,v 驚喜；驚訝 n驚喜；意外
survey,n 問卷 v調查；做問卷
survive,v 生存；生還 
susceptible,a 易被感動的；敏感的 
suspect,v 懷疑；不信任 
suspend,v 懸掛；使飄浮 
sustain,v 支撐；承受 
sweater,n 毛線衣 
swift,a 快速的；快捷的 
switch,n 開關；轉換 v改變；轉移
sympathetic,a 同情的 
sympathize,v 同情；憐憫 
sympathy,n 同情；同情心 
symposium,n 討論會；座談會 
synthesis,n 綜合體；綜合 
system,n 制度；體制 
systematically,ad 有系統地；有組織地 
tackle,v 著手；交涉 
tactful,a 機智的；圓滑的 
tactic,n 戰術；策略 
tag,n 牌子；標籤 v添加；附加
tailor,n 裁縫師 
take,v 拿；取；獲得 
takeout,n 外賣；外賣的 
takeover,n 接管 
talk,v 講話；談話 n講話；談話
talkative,a 多嘴的；健談的 
tangible,a 明確的；確鑿的 
tank,n 貯水池；坦克 
tap,n 閥門；塞子 v接通；裝上
tape,n 膠布；錄音帶 v錄音
target,n 靶子；目標 v對準
task,n 任務；工作 
taste,n 味覺；味道 v吃起來；嚐起來
tax,n 稅金 v課稅
tear,v 撕開；撕裂 n眼淚；淚珠
tease,v 戲弄；逗弄 n戲弄；逗弄
technicality,n 專門性；學術性 
technician,n 技術人員；技師 
technique,n 技巧；技術；技法 
technological,a 技術（學）的 
technology,n 技術；科技 
temper,n 情緒；性情；脾氣 v調和；緩和
temporary,a 臨時的；暫時的 
tenant,n 房客；承租人 
tender,a 嫩的；柔軟的 
tense,a 緊張的；拉緊的v 使繃緊；使緊張
tension,n 拉緊；繃緊 v拉緊；繃緊
tentative,a 試驗性的；嘗試的 
tenure,n 佔有；佔有權 
term,n 期；期限；任期 
terminal,a 末端的；終點的 n終點；末站；航廈
terminology,n 術語，專門用語 
terrible,a 可怕的；嚇人的 
territory,n 領土；版圖；領地 
testify,v 作證；證實 
testimonial,n 證明書；推薦書 
thorough,a 徹底的；完全的 
thoroughness,n 徹底；完全 
though,conj 雖然；儘管ad 然而；還是
thought,n 思維；思考 
thread,n 線狀物；頭緒v 通過；穿過
threat,n 威脅；恐嚇 
thrive,v 興旺；繁榮 
throughout,prep 遍及；遍布 ad處處；始終
thus,ad 如此；這樣 
ticket,n 票；券 
tie,v 束縛；約束；平手 
tight,a 牢固的；緊身的ad 緊緊地
time,n 時間；時光 v測定；記錄
timeliness,n 及時；適時 
titl,n 標題；題目 v加標題於
token,n 標記；標誌；象徵 a象徵性的
toll,n 使用費；通行費 
tool,n 工具；器具 
top,n 頂部；山頂；最高程度 a最高的；最優良
topic,n 主題；要旨 
total,a 總計的；總括的n 總數v合計為
tour,n 旅遊；遊覽 v旅遊；遊覽
tow,v 拖；拉；牽引 n拖；拉；牽引
town,n 鎮；市鎮 
track,n 行蹤；軌道 v跟蹤；追蹤
trade,n 貿易；交易 v交換
tradition,n 傳統 習俗
traditional,a 傳統的 
traffic,n 交通 
trail,v 拖；曳；跟蹤 n小道；痕跡
transact,v 處置；執行 
transaction,n 交易；執行 
transfer,v 轉換；調動 
trash,n 廢物；垃圾 
travel,v 旅遊；移動 
traveler,n 旅行者；旅客 
treasure,n 金銀財寶；財富 v珍愛；珍視
treat,v 對待；處理 n請客
treatment,n 對待；治療 
treaty,n 條約；協定 
tremendous,a 巨大的；極大的 
trial,n 試驗；審問 a試驗的；審訊的
triangle,n 三角形 
tribal,a 部落的；種族的 
tribe,n 部落；種族 
trivial,a 瑣細的；不重要的 
truly,ad 真誠地；忠實地 
trust,n 信任；信賴 v信任；信賴
trustee,n 受託管理人 
turnover,n 翻倒；翻轉 
twice,ad 兩次；兩回；兩倍 
two-sided,a 兩邊的；兩面的 
type,n 類型；型式 v作為⋯的典型；打字
typical,a 典型的；有代表性的 
typo,n 筆誤U 
ultimate,a 最後的；最終的 n終極；結局
ultimately,ad 終極地 
ultra,a 偏激的；過分的 
unable,a 不能的；不會的 
unacceptable,a 無法接受的 
unaccountable,a 無法解釋的；無責任的 
unaccustomed,a 不習慣的；不熟悉的 
unauthorized,a 未被授權的 
unaware,a 未察覺到的ad 意外地；突然地
unbalance,v 使失去平衡 
unbeatable,a 打不垮的 
unbiased,a 無偏見的 
uncertain,a 不確定的 
uncertainty,n 不確定性 
unconventional,a 非傳統的 
underestimate,v 低估 
underground,a 地下的；不公開的 
underline,v 強調；使突出 
understand,v 了解；理解 
understatement,n 不充分的陳述；保守的陳述 
underway,a 在進行中的 
unfair,a 不公平的 
unforeseen,ad 預料之外的 
unfortunately,ad 不幸地 
unidentified,a 未辨別出的；身分不明的 
uniform,n 制服 a相同的；一致的
unify,v 統一；聯合 
unimaginable,a 難以想像的；想不到的 
union,n 結合；合併 
unique,a 獨特的 
uniquely,ad 獨特地 
uniqueness,n 獨特 
unit,n 單位；單元 
unite,v 使聯合；統一 
university,n 大學 
unless,prep 除⋯⋯外conj 如果不；除非
unlimited,a 無限制的；無約束的 
unlock,v 開啟；揭開 
unnecessary,a 不必要的 
unsanitary,a 不衛生的；有礙健康的 
unsatisfactory,a 不滿意的 
upcoming,a 即將來臨的 
update,v 使現代化；更新 
upgrade,v 提高；提升n 升級；上坡
upon,prep 在⋯之上；在⋯上面 
upwards,ad 向上地；朝上 
urban,a 城市的 
urbanize,v 使都市化 
urgent,a 急促的；急的 
use,v 使用 
useful,a 有用的；有價值的 
useless,a 無用的；無價值的 
usual,a 通常的；平常的 
usually,ad 通常地；慣常地 
utilization,n 利用 
utilize,v 利用V 
vacancy,n 空白；空缺 
vacant,a 空的；空著的 
vacation,n 假期；休假 
vaccinate,v 注射疫苗 
vaccination,n 疫苗接種 
vain,a 愛虛榮的；自負的 
valid,a 有根據的；確鑿的 
validat,v 使有效；使生效 
valuable,a 有價值的 
value,n 價值 
van,n 廂型車；小貨車 
vandalize,v 任意破壞 
variable,a 易變的；多變的 
variation,n 變動；差異 
variety,n 多樣化；變化 
various,a 不同的；各種各樣的 
vary,v 使不同；變更 
vas,a 廣闊的；浩瀚的 
vegetable,n 蔬菜 
vegetarian,n 素食主義者 
vehicle,a 運載工具；手段 
veil,n 面紗；面罩 v掩飾；遮蓋
vend,v 出售；販賣 
vendor,n 小販；攤販 
venture,n 冒險事業；投機活動 v冒險
verify,v 證明；證實 
versatile,a 多才多藝的；多功能的 
version,n 版本；說法 
vessel,n 船；艦；血管 
via,prep 透過；憑藉 
viable,a 有望成功的；切實可行的 
vice,v 緊緊夾住 (=vise)
vice versa,ad 反之亦然 
victim,n 受害者；犧牲者 
viewpoint,n 觀點；視角 
violation,n 違反；違背 
virtual,a 虛擬的 
visibility,n 能見度；明顯性 
visible,a 可看見的；清晰的 
visit,v 參觀；訪視 
visitor,n 參觀者；訪視者 
visual,a 可被看見的；視覺的 
vita,a 生命的；充滿活力的 
vivid,a 生動的；活潑的 
vocabulary,n 單字；字彙 
voice,n 聲音 
volatile,a 易揮發的；易變的 
volunteer,n 志願者，義工 v自願
voucher,n 票券；證人 
voyage,n 航海；航行 v航海；航行
wage,v 進行；從事 
wagon,n 運貨馬車 
waist,n 腰；腰部 
wait,v 等；等待 n等待
waiter,n 服務生 
waitress,n 女服務生 
waive,v 放棄；撤回 
wallet,n 皮夾 
wallpaper,n 壁紙 
warehouse,n 倉庫 庫房
warm,a 溫暖的；暖和的v 變暖和
warn,v 警告；告誡 
warning,n 警告；告誡 
warranty,n 保證；擔保 
waste,v 浪費；濫用 n浪費；荒原
watch,n 看守，監視；手錶 v觀看；注視
wave,n 海浪；浪潮 v揮手；飄揚
waver,v 搖擺；搖晃動搖 
weak,a 弱的；虛弱的 
weakness,n 虛弱；弱點 
wealth,n 財產；資源 
weight,n 重量；體重 
whereas,conj 然而；反之 
whether,conj 是否；不管是⋯⋯（或是） 
whole,a 整體的；全部的 
widespread,a 普遍的；廣泛的 
width,n 寬度；闊度 
will,aux 將；將要 n意志；心願；目的
willingness,n 自願；樂意 
wire,n 電纜；電線 v發電報；裝電線
withdraw,v 抽回；拉開；移開 
withdrawal,n 收回；撤回 提款
within,prep 在⋯⋯範圍內；不超過 ad在裡面；
withstand,v 抵擋；反抗 
witness,n 目擊者；見證人 
woeful,a 悲哀的，悲傷的 
wonder,v 納悶；想知道n 驚奇；驚異
wo,v 向⋯⋯求愛；招致；引起 
work,v 工作；勞動 n成果；產品
workaholic,n 工作狂；專心工作的人 
workshop,n 工作坊 
world,n 世界；地球 
worldwide,a 世界範圍的；遍及全球的 
worry,v 擔心；擔憂 
would,aux 將；要 
wrist,n 腕；腕關節X 
X-ray,n X 光檢查v用X光線檢查
yacht,n 快艇；遊艇 
yard,n 庭院；後院 
yawn,n 呵欠 v打呵欠
year-end,n 年終 a年終的
yearly,a 每年的；一年一次的 ad每年；一年一度
yearn,v 思念；渴望 
yearningly,ad 思念地；渴望地 
yield,v 出產；產生 n產量；收穫量
youngster,n 小孩；年輕人 
youth,n 青少年時期；青年；小伙子 
youthful,a 年輕的；青年的 
zip,v 給以速度（或力量）；使增加興趣 n拉
zone,n 地帶；地區 
zoom,v 發出嗡嗡聲；使急遽上升 
zoom-in,v 用變焦距鏡頭使景物放大 
oom-out,v 用變焦距鏡頭使景物縮小 
